/*
SQLyog Ultimate v11.11 (64 bit)
MySQL - 5.1.50-community-log : Database - aionroy_gs
*********************************************************************
*/

/*!40101 SET NAMES utf8 */;

/*!40101 SET SQL_MODE=''*/;

/*!40014 SET @OLD_UNIQUE_CHECKS=@@UNIQUE_CHECKS, UNIQUE_CHECKS=0 */;
/*!40101 SET @OLD_SQL_MODE=@@SQL_MODE, SQL_MODE='NO_AUTO_VALUE_ON_ZERO' */;
/*!40111 SET @OLD_SQL_NOTES=@@SQL_NOTES, SQL_NOTES=0 */;
CREATE DATABASE /*!32312 IF NOT EXISTS*/`aionroy_gs` /*!40100 DEFAULT CHARACTER SET latin1 */;

USE `aionroy_gs`;

/*Table structure for table `abyss_rank` */

DROP TABLE IF EXISTS `abyss_rank`;

CREATE TABLE `abyss_rank` (
  `player_id` int(11) NOT NULL,
  `daily_ap` int(11) NOT NULL,
  `daily_gp` int(11) NOT NULL,
  `weekly_ap` int(11) NOT NULL,
  `weekly_gp` int(11) NOT NULL,
  `ap` int(11) NOT NULL,
  `gp` int(11) NOT NULL,
  `rank` int(2) NOT NULL DEFAULT '1',
  `top_ranking` int(4) NOT NULL,
  `daily_kill` int(5) NOT NULL,
  `weekly_kill` int(5) NOT NULL,
  `all_kill` int(4) NOT NULL DEFAULT '0',
  `max_rank` int(2) NOT NULL DEFAULT '1',
  `last_kill` int(5) NOT NULL,
  `last_ap` int(11) NOT NULL,
  `last_gp` int(11) NOT NULL,
  `last_update` decimal(20,0) NOT NULL,
  `rank_pos` int(11) NOT NULL DEFAULT '0',
  `old_rank_pos` int(11) NOT NULL DEFAULT '0',
  `rank_ap` int(11) NOT NULL DEFAULT '0',
  PRIMARY KEY (`player_id`),
  CONSTRAINT `abyss_rank_ibfk_1` FOREIGN KEY (`player_id`) REFERENCES `players` (`id`) ON DELETE CASCADE ON UPDATE CASCADE
) ENGINE=InnoDB DEFAULT CHARSET=utf8;

/*Data for the table `abyss_rank` */

insert  into `abyss_rank`(`player_id`,`daily_ap`,`daily_gp`,`weekly_ap`,`weekly_gp`,`ap`,`gp`,`rank`,`top_ranking`,`daily_kill`,`weekly_kill`,`all_kill`,`max_rank`,`last_kill`,`last_ap`,`last_gp`,`last_update`,`rank_pos`,`old_rank_pos`,`rank_ap`) values (114743,0,0,0,0,0,0,1,0,0,0,0,1,0,0,0,1403773764263,1,1,0),(114751,0,0,0,0,0,0,1,0,0,0,0,1,0,0,0,1408536874644,0,0,0),(114841,0,0,0,0,0,0,1,0,0,0,0,1,0,0,0,1403779669865,2,2,0);

/*Table structure for table `announcements` */

DROP TABLE IF EXISTS `announcements`;

CREATE TABLE `announcements` (
  `id` int(3) NOT NULL AUTO_INCREMENT,
  `announce` text NOT NULL,
  `faction` enum('ALL','ASMODIANS','ELYOS') NOT NULL DEFAULT 'ALL',
  `type` enum('SHOUT','ORANGE','YELLOW','WHITE','SYSTEM') NOT NULL DEFAULT 'SYSTEM',
  `delay` int(4) NOT NULL DEFAULT '1800',
  PRIMARY KEY (`id`)
) ENGINE=InnoDB DEFAULT CHARSET=utf8;

/*Data for the table `announcements` */

/*Table structure for table `basevalues` */

DROP TABLE IF EXISTS `basevalues`;

CREATE TABLE `basevalues` (
  `mapid` int(11) NOT NULL,
  `id` int(11) NOT NULL,
  `race` enum('DRAKAN','ASMODIANS','ELYOS') NOT NULL,
  `legion_id` int(11) NOT NULL DEFAULT '0',
  `last_time` timestamp NOT NULL DEFAULT CURRENT_TIMESTAMP ON UPDATE CURRENT_TIMESTAMP,
  PRIMARY KEY (`id`)
) ENGINE=InnoDB DEFAULT CHARSET=utf8;

/*Data for the table `basevalues` */

insert  into `basevalues`(`mapid`,`id`,`race`,`legion_id`,`last_time`) values (600050000,71,'DRAKAN',0,'2014-08-20 20:31:17'),(600050000,72,'DRAKAN',0,'2014-08-20 20:31:18'),(600050000,73,'DRAKAN',0,'2014-08-20 20:31:18'),(600050000,74,'DRAKAN',0,'2014-08-20 20:31:18'),(600050000,75,'DRAKAN',0,'2014-08-20 20:31:18'),(600050000,76,'DRAKAN',0,'2014-08-20 20:31:18'),(600050000,77,'DRAKAN',0,'2014-08-20 20:31:18'),(600050000,78,'DRAKAN',0,'2014-08-20 20:31:18'),(600050000,79,'DRAKAN',0,'2014-08-20 20:31:18'),(600060000,80,'DRAKAN',0,'2014-08-20 20:31:19'),(600060000,81,'DRAKAN',0,'2014-08-20 20:31:19'),(600060000,82,'DRAKAN',0,'2014-08-20 20:31:19'),(600060000,83,'DRAKAN',0,'2014-08-20 20:31:19'),(600060000,84,'DRAKAN',0,'2014-08-20 20:31:18'),(600060000,85,'DRAKAN',0,'2014-08-20 20:31:18'),(600060000,86,'DRAKAN',0,'2014-08-20 20:31:19'),(600060000,87,'DRAKAN',0,'2014-08-20 20:31:19'),(600060000,88,'DRAKAN',0,'2014-08-20 20:31:19'),(600060000,89,'DRAKAN',0,'2014-08-20 20:31:19'),(210020000,201,'DRAKAN',0,'2014-08-20 20:31:17'),(210020000,202,'DRAKAN',0,'2014-08-20 20:31:18'),(210040000,301,'DRAKAN',0,'2014-08-20 20:31:19'),(210040000,302,'DRAKAN',0,'2014-08-20 20:31:19');

/*Table structure for table `blocks` */

DROP TABLE IF EXISTS `blocks`;

CREATE TABLE `blocks` (
  `player` int(11) NOT NULL,
  `blocked_player` int(11) NOT NULL,
  `reason` varchar(100) NOT NULL DEFAULT '',
  PRIMARY KEY (`player`,`blocked_player`),
  KEY `blocked_player` (`blocked_player`),
  CONSTRAINT `blocks_ibfk_1` FOREIGN KEY (`player`) REFERENCES `players` (`id`) ON DELETE CASCADE ON UPDATE CASCADE,
  CONSTRAINT `blocks_ibfk_2` FOREIGN KEY (`blocked_player`) REFERENCES `players` (`id`) ON DELETE CASCADE ON UPDATE CASCADE
) ENGINE=InnoDB DEFAULT CHARSET=utf8;

/*Data for the table `blocks` */

/*Table structure for table `bookmark` */

DROP TABLE IF EXISTS `bookmark`;

CREATE TABLE `bookmark` (
  `id` int(11) NOT NULL AUTO_INCREMENT,
  `name` varchar(50) DEFAULT NULL,
  `char_id` int(11) NOT NULL,
  `x` float NOT NULL,
  `y` float NOT NULL,
  `z` float NOT NULL,
  `world_id` int(11) NOT NULL,
  PRIMARY KEY (`id`)
) ENGINE=InnoDB DEFAULT CHARSET=utf8;

/*Data for the table `bookmark` */

/*Table structure for table `broker` */

DROP TABLE IF EXISTS `broker`;

CREATE TABLE `broker` (
  `id` int(11) NOT NULL AUTO_INCREMENT,
  `item_pointer` int(11) NOT NULL DEFAULT '0',
  `item_id` int(11) NOT NULL,
  `item_count` bigint(20) NOT NULL,
  `item_creator` varchar(50) DEFAULT NULL,
  `seller` varchar(50) NOT NULL,
  `price` bigint(20) NOT NULL DEFAULT '0',
  `broker_race` enum('ELYOS','ASMODIAN') NOT NULL,
  `expire_time` timestamp NOT NULL DEFAULT '2010-01-01 02:00:00',
  `settle_time` timestamp NOT NULL DEFAULT '2010-01-01 02:00:00',
  `seller_id` int(11) NOT NULL,
  `is_sold` tinyint(1) NOT NULL,
  `is_settled` tinyint(1) NOT NULL,
  PRIMARY KEY (`id`),
  KEY `seller_id` (`seller_id`),
  CONSTRAINT `broker_ibfk_1` FOREIGN KEY (`seller_id`) REFERENCES `players` (`id`) ON DELETE CASCADE
) ENGINE=InnoDB DEFAULT CHARSET=utf8;

/*Data for the table `broker` */

/*Table structure for table `challenge_tasks` */

DROP TABLE IF EXISTS `challenge_tasks`;

CREATE TABLE `challenge_tasks` (
  `task_id` int(11) NOT NULL,
  `quest_id` int(10) NOT NULL,
  `owner_id` int(11) NOT NULL,
  `owner_type` enum('LEGION','TOWN') NOT NULL,
  `complete_count` int(3) unsigned NOT NULL DEFAULT '0',
  `complete_time` timestamp NULL DEFAULT NULL,
  PRIMARY KEY (`task_id`,`quest_id`,`owner_id`,`owner_type`)
) ENGINE=InnoDB DEFAULT CHARSET=utf8;

/*Data for the table `challenge_tasks` */

/*Table structure for table `craft_cooldowns` */

DROP TABLE IF EXISTS `craft_cooldowns`;

CREATE TABLE `craft_cooldowns` (
  `player_id` int(11) NOT NULL,
  `delay_id` int(11) unsigned NOT NULL,
  `reuse_time` bigint(13) unsigned NOT NULL,
  PRIMARY KEY (`player_id`,`delay_id`),
  CONSTRAINT `craft_cooldowns_ibfk_1` FOREIGN KEY (`player_id`) REFERENCES `players` (`id`) ON DELETE CASCADE
) ENGINE=InnoDB DEFAULT CHARSET=utf8;

/*Data for the table `craft_cooldowns` */

/*Table structure for table `f2paccount` */

DROP TABLE IF EXISTS `f2paccount`;

CREATE TABLE `f2paccount` (
  `player_id` int(11) NOT NULL,
  `time` int(11) NOT NULL,
  PRIMARY KEY (`player_id`)
) ENGINE=InnoDB DEFAULT CHARSET=latin1;

/*Data for the table `f2paccount` */

/*Table structure for table `friends` */

DROP TABLE IF EXISTS `friends`;

CREATE TABLE `friends` (
  `player` int(11) NOT NULL,
  `friend` int(11) NOT NULL,
  `note` varchar(255) DEFAULT NULL,
  PRIMARY KEY (`player`,`friend`),
  KEY `friend` (`friend`),
  CONSTRAINT `friends_ibfk_1` FOREIGN KEY (`player`) REFERENCES `players` (`id`) ON DELETE CASCADE ON UPDATE CASCADE,
  CONSTRAINT `friends_ibfk_2` FOREIGN KEY (`friend`) REFERENCES `players` (`id`) ON DELETE CASCADE ON UPDATE CASCADE
) ENGINE=InnoDB DEFAULT CHARSET=utf8;

/*Data for the table `friends` */

/*Table structure for table `guides` */

DROP TABLE IF EXISTS `guides`;

CREATE TABLE `guides` (
  `guide_id` int(11) NOT NULL AUTO_INCREMENT,
  `player_id` int(11) NOT NULL,
  `title` varchar(80) NOT NULL,
  PRIMARY KEY (`guide_id`),
  KEY `player_id` (`player_id`),
  CONSTRAINT `guides_ibfk_1` FOREIGN KEY (`player_id`) REFERENCES `players` (`id`) ON DELETE CASCADE ON UPDATE CASCADE
) ENGINE=InnoDB AUTO_INCREMENT=115016 DEFAULT CHARSET=utf8;

/*Data for the table `guides` */

insert  into `guides`(`guide_id`,`player_id`,`title`) values (114766,114743,'adventurers_guide12_asmo'),(114767,114743,'adventurers_guide13_asmo'),(114768,114743,'adventurers_guide14_asmo'),(114769,114743,'adventurers_guide17.1_asmo'),(114770,114743,'adventurers_guide17.2_asmo'),(114771,114743,'adventurers_guide18_asmo'),(114772,114743,'adventurers_guide19_asmo'),(114773,114743,'adventurers_guide20_asmo'),(114774,114743,'adventurers_guide22_asmo'),(114775,114743,'adventurers_guide23_asmo'),(114776,114743,'adventurers_guide24_asmo'),(114777,114743,'adventurers_guide26_asmo'),(114778,114743,'adventurers_guide27_asmo'),(114779,114743,'adventurers_guide28_asmo'),(114780,114743,'adventurers_guide29_asmo'),(114781,114743,'adventurers_guide31_asmo'),(114782,114743,'adventurers_guide32_asmo'),(114783,114743,'adventurers_guide33_asmo'),(114784,114743,'adventurers_guide34_asmo'),(114785,114743,'adventurers_guide36_asmo'),(114786,114743,'adventurers_guide37_asmo'),(114787,114743,'adventurers_guide38_asmo'),(114788,114743,'adventurers_guide39_asmo'),(114789,114743,'adventurers_guide40.1_asmo'),(114790,114743,'adventurers_guide40.2_asmo'),(114791,114743,'adventurers_guide41_asmo'),(114792,114743,'adventurers_guide43_asmo'),(114793,114743,'adventurers_guide44.1_asmo'),(114794,114743,'adventurers_guide44.2_asmo'),(114795,114743,'adventurers_guide45_asmo'),(114796,114743,'adventurers_guide46_asmo'),(114797,114743,'adventurers_guide48_asmo'),(114798,114743,'adventurers_guide49_asmo'),(114799,114743,'adventurers_guide50_asmo'),(114800,114743,'adventurers_guide52_asmo'),(114801,114743,'adventurers_guide55_asmo'),(115015,114751,'adventurers_guide3_ely');

/*Table structure for table `house_bids` */

DROP TABLE IF EXISTS `house_bids`;

CREATE TABLE `house_bids` (
  `player_id` int(10) NOT NULL,
  `house_id` int(10) NOT NULL,
  `bid` bigint(20) NOT NULL,
  `bid_time` timestamp NULL DEFAULT CURRENT_TIMESTAMP,
  PRIMARY KEY (`player_id`,`house_id`,`bid`),
  KEY `house_id_ibfk_1` (`house_id`),
  CONSTRAINT `house_id_ibfk_1` FOREIGN KEY (`house_id`) REFERENCES `houses` (`id`) ON DELETE CASCADE ON UPDATE CASCADE
) ENGINE=InnoDB DEFAULT CHARSET=utf8;

/*Data for the table `house_bids` */

insert  into `house_bids`(`player_id`,`house_id`,`bid`,`bid_time`) values (0,19863,335000000,'2014-08-20 16:53:31'),(0,27585,112000000,'2014-08-20 16:53:25'),(0,56399,112000000,'2014-08-20 16:53:34'),(0,106251,1000000000,'2014-08-20 16:53:38'),(0,106355,12000000,'2014-08-20 16:53:18'),(0,106367,12000000,'2014-08-20 16:53:19'),(0,106395,12000000,'2014-08-20 16:53:08'),(0,106415,12000000,'2014-08-20 16:53:33'),(0,106435,12000000,'2014-08-20 16:53:23'),(0,106523,12000000,'2014-08-20 16:53:22'),(0,106551,12000000,'2014-08-20 16:53:02'),(0,106563,12000000,'2014-08-20 16:53:30'),(0,106567,12000000,'2014-08-20 16:53:08'),(0,106575,12000000,'2014-08-20 16:53:17'),(0,106627,12000000,'2014-08-20 16:53:32'),(0,106775,12000000,'2014-08-20 16:53:29'),(0,106787,12000000,'2014-08-20 16:52:59'),(0,106835,12000000,'2014-08-20 16:53:26'),(0,106843,12000000,'2014-08-20 16:53:24'),(0,107079,12000000,'2014-08-20 16:53:28'),(0,107147,12000000,'2014-08-20 16:53:23'),(0,107159,12000000,'2014-08-20 16:53:17'),(0,107179,12000000,'2014-08-20 16:53:24'),(0,107187,12000000,'2014-08-20 16:53:27'),(0,107231,112000000,'2014-08-20 16:53:21'),(0,107251,112000000,'2014-08-20 16:52:49'),(0,107291,112000000,'2014-08-20 16:52:55'),(0,107407,112000000,'2014-08-20 16:53:07'),(0,107423,112000000,'2014-08-20 16:53:10'),(0,107475,112000000,'2014-08-20 16:53:36'),(0,107671,112000000,'2014-08-20 16:53:16'),(0,107675,112000000,'2014-08-20 16:53:01'),(0,107679,112000000,'2014-08-20 16:53:20'),(0,107943,335000000,'2014-08-20 16:53:25'),(0,108111,335000000,'2014-08-20 16:53:28'),(0,108139,335000000,'2014-08-20 16:53:05'),(0,108195,335000000,'2014-08-20 16:53:09'),(0,109797,112000000,'2014-08-20 16:52:54'),(0,109973,112000000,'2014-08-20 16:53:35'),(0,109989,112000000,'2014-08-20 16:52:53'),(0,110069,112000000,'2014-08-20 16:53:36'),(0,110129,112000000,'2014-08-20 16:53:04'),(0,110165,112000000,'2014-08-20 16:53:31'),(0,110173,112000000,'2014-08-20 16:53:18'),(0,110193,112000000,'2014-08-20 16:53:28'),(0,110269,112000000,'2014-08-20 16:52:52'),(0,110353,12000000,'2014-08-20 16:53:37'),(0,110369,12000000,'2014-08-20 16:53:32'),(0,110389,12000000,'2014-08-20 16:53:30'),(0,110481,12000000,'2014-08-20 16:53:35'),(0,110497,12000000,'2014-08-20 16:53:14'),(0,110641,12000000,'2014-08-20 16:53:21'),(0,110661,12000000,'2014-08-20 16:53:29'),(0,110673,12000000,'2014-08-20 16:53:38'),(0,110713,12000000,'2014-08-20 16:53:39'),(0,110765,12000000,'2014-08-20 16:53:03'),(0,110805,12000000,'2014-08-20 16:53:32'),(0,110845,12000000,'2014-08-20 16:53:38'),(0,110849,12000000,'2014-08-20 16:53:36'),(0,110885,12000000,'2014-08-20 16:53:36'),(0,110913,12000000,'2014-08-20 16:53:35'),(0,111001,12000000,'2014-08-20 16:53:27'),(0,111009,12000000,'2014-08-20 16:53:35'),(0,111045,12000000,'2014-08-20 16:53:39'),(0,111073,12000000,'2014-08-20 16:52:50'),(0,111105,12000000,'2014-08-20 16:53:12'),(0,111269,1000000000,'2014-08-20 16:53:36'),(0,111417,335000000,'2014-08-20 16:53:20'),(0,111489,335000000,'2014-08-20 16:53:00'),(0,111501,335000000,'2014-08-20 16:53:33'),(0,111529,335000000,'2014-08-20 16:53:35'),(0,111689,335000000,'2014-08-20 16:53:07');

/*Table structure for table `house_object_cooldowns` */

DROP TABLE IF EXISTS `house_object_cooldowns`;

CREATE TABLE `house_object_cooldowns` (
  `player_id` int(11) NOT NULL,
  `object_id` int(11) NOT NULL,
  `reuse_time` bigint(20) NOT NULL,
  PRIMARY KEY (`player_id`,`object_id`)
) ENGINE=InnoDB DEFAULT CHARSET=utf8;

/*Data for the table `house_object_cooldowns` */

/*Table structure for table `house_scripts` */

DROP TABLE IF EXISTS `house_scripts`;

CREATE TABLE `house_scripts` (
  `house_id` int(11) NOT NULL,
  `index` tinyint(4) NOT NULL,
  `script` mediumtext,
  PRIMARY KEY (`house_id`,`index`),
  CONSTRAINT `houses_id_ibfk_1` FOREIGN KEY (`house_id`) REFERENCES `houses` (`id`) ON DELETE CASCADE ON UPDATE CASCADE
) ENGINE=InnoDB DEFAULT CHARSET=utf8 ROW_FORMAT=COMPRESSED KEY_BLOCK_SIZE=16;

/*Data for the table `house_scripts` */

/*Table structure for table `houses` */

DROP TABLE IF EXISTS `houses`;

CREATE TABLE `houses` (
  `id` int(10) NOT NULL,
  `player_id` int(10) NOT NULL DEFAULT '0',
  `building_id` int(10) NOT NULL,
  `address` int(10) NOT NULL,
  `acquire_time` timestamp NOT NULL DEFAULT CURRENT_TIMESTAMP ON UPDATE CURRENT_TIMESTAMP,
  `settings` int(11) NOT NULL DEFAULT '0',
  `status` enum('ACTIVE','SELL_WAIT','INACTIVE','NOSALE') NOT NULL DEFAULT 'ACTIVE',
  `fee_paid` tinyint(1) NOT NULL DEFAULT '1',
  `next_pay` timestamp NULL DEFAULT NULL,
  `sell_started` timestamp NULL DEFAULT NULL,
  PRIMARY KEY (`id`),
  KEY `address` (`address`)
) ENGINE=InnoDB DEFAULT CHARSET=utf8;

/*Data for the table `houses` */

insert  into `houses`(`id`,`player_id`,`building_id`,`address`,`acquire_time`,`settings`,`status`,`fee_paid`,`next_pay`,`sell_started`) values (19863,0,351000,6001,'2014-06-26 17:07:40',768,'SELL_WAIT',1,NULL,'2014-06-26 17:07:40'),(27585,0,352000,6102,'2014-06-26 17:07:40',768,'SELL_WAIT',1,NULL,'2014-06-26 17:07:40'),(56399,0,352000,7007,'2014-06-26 17:07:40',768,'SELL_WAIT',1,NULL,'2014-06-26 17:07:40'),(106251,0,350000,10019,'2014-06-26 17:07:41',768,'SELL_WAIT',1,NULL,'2014-06-26 17:07:41'),(106355,0,353000,10216,'2014-06-26 17:07:39',768,'SELL_WAIT',1,NULL,'2014-06-26 17:07:39'),(106367,0,353000,10232,'2014-06-26 17:07:39',768,'SELL_WAIT',1,NULL,'2014-06-26 17:07:39'),(106395,0,353000,10251,'2014-06-26 17:07:38',768,'SELL_WAIT',1,NULL,'2014-06-26 17:07:38'),(106415,0,353000,10256,'2014-06-26 17:07:40',768,'SELL_WAIT',1,NULL,'2014-06-26 17:07:40'),(106435,0,353000,10272,'2014-06-26 17:07:40',768,'SELL_WAIT',1,NULL,'2014-06-26 17:07:40'),(106523,0,353000,10311,'2014-06-26 17:07:39',768,'SELL_WAIT',1,NULL,'2014-06-26 17:07:39'),(106551,0,353000,10325,'2014-06-26 17:07:39',768,'SELL_WAIT',1,NULL,'2014-06-26 17:07:39'),(106563,0,353000,10328,'2014-06-26 17:07:40',768,'SELL_WAIT',1,NULL,'2014-06-26 17:07:40'),(106567,0,353000,10329,'2014-06-26 17:07:39',768,'SELL_WAIT',1,NULL,'2014-06-26 17:07:39'),(106575,0,353000,10331,'2014-06-26 17:07:39',768,'SELL_WAIT',1,NULL,'2014-06-26 17:07:39'),(106627,0,353000,10350,'2014-06-26 17:07:40',768,'SELL_WAIT',1,NULL,'2014-06-26 17:07:40'),(106775,0,353000,10394,'2014-06-26 17:07:40',768,'SELL_WAIT',1,NULL,'2014-06-26 17:07:40'),(106787,0,353000,10397,'2014-06-26 17:07:39',768,'SELL_WAIT',1,NULL,'2014-06-26 17:07:39'),(106835,0,353000,10411,'2014-06-26 17:07:40',768,'SELL_WAIT',1,NULL,'2014-06-26 17:07:40'),(106843,0,353000,10413,'2014-06-26 17:07:40',768,'SELL_WAIT',1,NULL,'2014-06-26 17:07:40'),(107079,0,353000,10473,'2014-06-26 17:07:40',768,'SELL_WAIT',1,NULL,'2014-06-26 17:07:40'),(107147,0,353000,10490,'2014-06-26 17:07:40',768,'SELL_WAIT',1,NULL,'2014-06-26 17:07:40'),(107159,0,353000,10493,'2014-06-26 17:07:39',768,'SELL_WAIT',1,NULL,'2014-06-26 17:07:39'),(107179,0,353000,10498,'2014-06-26 17:07:40',768,'SELL_WAIT',1,NULL,'2014-06-26 17:07:40'),(107187,0,353000,10500,'2014-06-26 17:07:40',768,'SELL_WAIT',1,NULL,'2014-06-26 17:07:40'),(107231,0,352000,10071,'2014-06-26 17:07:39',768,'SELL_WAIT',1,NULL,'2014-06-26 17:07:39'),(107251,0,352000,10089,'2014-06-26 17:07:38',768,'SELL_WAIT',1,NULL,'2014-06-26 17:07:38'),(107291,0,352000,10111,'2014-06-26 17:07:38',768,'SELL_WAIT',1,NULL,'2014-06-26 17:07:38'),(107407,0,352000,10170,'2014-06-26 17:07:39',768,'SELL_WAIT',1,NULL,'2014-06-26 17:07:39'),(107423,0,352000,10184,'2014-06-26 17:07:39',768,'SELL_WAIT',1,NULL,'2014-06-26 17:07:39'),(107475,0,352000,10207,'2014-06-26 17:07:40',768,'SELL_WAIT',1,NULL,'2014-06-26 17:07:40'),(107671,0,352000,10321,'2014-06-26 17:07:39',768,'SELL_WAIT',1,NULL,'2014-06-26 17:07:39'),(107675,0,352000,10322,'2014-06-26 17:07:39',768,'SELL_WAIT',1,NULL,'2014-06-26 17:07:39'),(107679,0,352000,10323,'2014-06-26 17:07:39',768,'SELL_WAIT',1,NULL,'2014-06-26 17:07:39'),(107943,0,351000,10065,'2014-06-26 17:07:40',768,'SELL_WAIT',1,NULL,'2014-06-26 17:07:40'),(108111,0,351000,10145,'2014-06-26 17:07:40',768,'SELL_WAIT',1,NULL,'2014-06-26 17:07:40'),(108139,0,351000,10164,'2014-06-26 17:07:38',768,'SELL_WAIT',1,NULL,'2014-06-26 17:07:38'),(108195,0,351000,10220,'2014-06-26 17:07:39',768,'SELL_WAIT',1,NULL,'2014-06-26 17:07:39'),(109797,0,352000,20053,'2014-06-26 17:07:38',768,'SELL_WAIT',1,NULL,'2014-06-26 17:07:38'),(109973,0,352000,20166,'2014-06-26 17:07:40',768,'SELL_WAIT',1,NULL,'2014-06-26 17:07:40'),(109989,0,352000,20170,'2014-06-26 17:07:38',768,'SELL_WAIT',1,NULL,'2014-06-26 17:07:38'),(110069,0,352000,20210,'2014-06-26 17:07:40',768,'SELL_WAIT',1,NULL,'2014-06-26 17:07:40'),(110129,0,352000,20245,'2014-06-26 17:07:38',768,'SELL_WAIT',1,NULL,'2014-06-26 17:07:38'),(110165,0,352000,20264,'2014-06-26 17:07:40',768,'SELL_WAIT',1,NULL,'2014-06-26 17:07:40'),(110173,0,352000,20266,'2014-06-26 17:07:39',768,'SELL_WAIT',1,NULL,'2014-06-26 17:07:39'),(110193,0,352000,20281,'2014-06-26 17:07:40',768,'SELL_WAIT',1,NULL,'2014-06-26 17:07:40'),(110269,0,352000,20339,'2014-06-26 17:07:38',768,'SELL_WAIT',1,NULL,'2014-06-26 17:07:38'),(110353,0,353000,20116,'2014-06-26 17:07:41',768,'SELL_WAIT',1,NULL,'2014-06-26 17:07:41'),(110369,0,353000,20156,'2014-06-26 17:07:40',768,'SELL_WAIT',1,NULL,'2014-06-26 17:07:40'),(110389,0,353000,20177,'2014-06-26 17:07:40',768,'SELL_WAIT',1,NULL,'2014-06-26 17:07:40'),(110481,0,353000,20254,'2014-06-26 17:07:40',768,'SELL_WAIT',1,NULL,'2014-06-26 17:07:40'),(110497,0,353000,20269,'2014-06-26 17:07:39',768,'SELL_WAIT',1,NULL,'2014-06-26 17:07:39'),(110641,0,353000,20329,'2014-06-26 17:07:39',768,'SELL_WAIT',1,NULL,'2014-06-26 17:07:39'),(110661,0,353000,20334,'2014-06-26 17:07:40',768,'SELL_WAIT',1,NULL,'2014-06-26 17:07:40'),(110673,0,353000,20337,'2014-06-26 17:07:40',768,'SELL_WAIT',1,NULL,'2014-06-26 17:07:40'),(110713,0,353000,20353,'2014-06-26 17:07:41',768,'SELL_WAIT',1,NULL,'2014-06-26 17:07:41'),(110765,0,353000,20370,'2014-06-26 17:07:39',768,'SELL_WAIT',1,NULL,'2014-06-26 17:07:39'),(110805,0,353000,20383,'2014-06-26 17:07:40',768,'SELL_WAIT',1,NULL,'2014-06-26 17:07:40'),(110845,0,353000,20393,'2014-06-26 17:07:41',768,'SELL_WAIT',1,NULL,'2014-06-26 17:07:41'),(110849,0,353000,20394,'2014-06-26 17:07:40',768,'SELL_WAIT',1,NULL,'2014-06-26 17:07:40'),(110885,0,353000,20405,'2014-06-26 17:07:41',768,'SELL_WAIT',1,NULL,'2014-06-26 17:07:41'),(110913,0,353000,20412,'2014-06-26 17:07:40',768,'SELL_WAIT',1,NULL,'2014-06-26 17:07:40'),(111001,0,353000,20435,'2014-06-26 17:07:40',768,'SELL_WAIT',1,NULL,'2014-06-26 17:07:40'),(111009,0,353000,20437,'2014-06-26 17:07:40',768,'SELL_WAIT',1,NULL,'2014-06-26 17:07:40'),(111045,0,353000,20446,'2014-06-26 17:07:41',768,'SELL_WAIT',1,NULL,'2014-06-26 17:07:41'),(111073,0,353000,20453,'2014-06-26 17:07:38',768,'SELL_WAIT',1,NULL,'2014-06-26 17:07:38'),(111105,0,353000,20461,'2014-06-26 17:07:39',768,'SELL_WAIT',1,NULL,'2014-06-26 17:07:39'),(111269,0,350000,20002,'2014-06-26 17:07:41',768,'SELL_WAIT',1,NULL,'2014-06-26 17:07:41'),(111417,0,351000,20043,'2014-06-26 17:07:39',768,'SELL_WAIT',1,NULL,'2014-06-26 17:07:39'),(111489,0,351000,20068,'2014-06-26 17:07:39',768,'SELL_WAIT',1,NULL,'2014-06-26 17:07:39'),(111501,0,351000,20079,'2014-06-26 17:07:40',768,'SELL_WAIT',1,NULL,'2014-06-26 17:07:40'),(111529,0,351000,20086,'2014-06-26 17:07:40',768,'SELL_WAIT',1,NULL,'2014-06-26 17:07:40'),(111689,0,351000,20181,'2014-06-26 17:07:38',768,'SELL_WAIT',1,NULL,'2014-06-26 17:07:38');

/*Table structure for table `ingameshop` */

DROP TABLE IF EXISTS `ingameshop`;

CREATE TABLE `ingameshop` (
  `object_id` int(11) NOT NULL AUTO_INCREMENT,
  `item_id` int(11) NOT NULL,
  `item_count` bigint(13) NOT NULL DEFAULT '0',
  `item_price` bigint(13) NOT NULL DEFAULT '0',
  `category` tinyint(1) NOT NULL DEFAULT '0',
  `sub_category` tinyint(1) NOT NULL DEFAULT '0',
  `list` int(11) NOT NULL DEFAULT '0',
  `sales_ranking` int(11) NOT NULL DEFAULT '0',
  `limit` tinyint(1) NOT NULL DEFAULT '0',
  `item_type` tinyint(1) NOT NULL DEFAULT '0',
  `gift` tinyint(1) NOT NULL DEFAULT '0',
  `title_description` varchar(20) NOT NULL,
  `description` varchar(20) NOT NULL,
  PRIMARY KEY (`object_id`)
) ENGINE=InnoDB AUTO_INCREMENT=1337 DEFAULT CHARSET=utf8;

/*Data for the table `ingameshop` */

insert  into `ingameshop`(`object_id`,`item_id`,`item_count`,`item_price`,`category`,`sub_category`,`list`,`sales_ranking`,`limit`,`item_type`,`gift`,`title_description`,`description`) values (1,164000085,20,0,0,3,0,0,0,0,0,'极乐世界返程咒语书',''),(2,164000086,20,0,0,3,0,0,0,0,0,'贝尔特伦要塞返程咒语书',''),(3,164000184,20,0,0,3,0,0,0,0,0,'埃利安返程咒语书',''),(4,164000087,20,0,0,3,0,0,0,0,0,'埃尔特内要塞返程咒语书',''),(5,164000088,20,0,0,3,0,0,0,0,0,'因特尔蒂卡要塞返程咒语书',''),(6,164000089,20,0,0,3,0,0,0,0,0,'伏魔殿返程咒语书',''),(7,164000090,20,0,0,3,0,0,0,0,0,'阿尔特盖德要塞返程咒语书',''),(8,164000185,20,0,0,3,0,0,0,0,0,'佩尔农返程咒语书',''),(9,164000091,20,0,0,3,0,0,0,0,0,'莫尔海姆要塞返程咒语书',''),(10,164000092,20,0,0,3,0,0,0,0,0,'贝鲁斯兰要塞返程咒语书',''),(11,164000097,20,0,0,3,0,0,0,0,0,'特米伦要塞回程咒语书',''),(12,164000098,20,0,0,3,0,0,0,0,0,'普利姆要塞回程咒语书',''),(13,164000152,20,0,0,3,0,0,0,0,0,'凯西内尔神庙训练所移动咒语书',''),(14,164000153,20,0,0,3,0,0,0,0,0,'马勒库坦神庙训练所移动咒语书',''),(15,164000106,20,0,0,3,0,0,0,0,0,'英吉斯温幻影要塞返程咒语书',''),(16,164000107,20,0,0,3,0,0,0,0,0,'格尔克马洛斯要塞返程咒语书',''),(17,164000193,20,0,0,3,0,0,0,0,0,'提亚玛兰塔征服要塞返程咒语书',''),(18,141000001,100,0,0,4,0,0,0,0,0,'烙印之石碎片',''),(19,162000014,100,0,0,5,0,0,0,0,0,'中级生命之秘药',''),(20,162000004,100,0,0,5,0,0,0,0,0,'中级生命药水',''),(21,162000019,100,0,0,5,0,0,0,0,0,'中级精神之秘药',''),(22,162000048,100,0,0,5,0,0,0,0,0,'中级恢复秘药',''),(23,162000022,100,0,0,5,0,0,0,0,0,'下级治疗药水',''),(24,160001109,50,0,0,6,0,0,0,0,0,'乡铃鸡尾酒',''),(25,160001110,50,0,0,6,0,0,0,0,0,'火鸟意大利面',''),(26,160001111,50,0,0,6,0,0,0,0,0,'库雷斯香肠',''),(27,160001112,50,0,0,6,0,0,0,0,0,'黄鳍金枪鱼寿司',''),(28,160001113,50,0,0,6,0,0,0,0,0,'小萝卜三明治',''),(29,160001114,50,0,0,6,0,0,0,0,0,'路皮里尼牛排',''),(30,160001115,50,0,0,6,0,0,0,0,0,'香辣火鸟饺子',''),(31,160001116,50,0,0,6,0,0,0,0,0,'库雷斯烤肉',''),(32,160002109,50,0,0,6,0,0,0,0,0,'齐尔西鸡尾酒',''),(33,160002110,50,0,0,6,0,0,0,0,0,'彭克斯意大利面',''),(34,160002111,50,0,0,6,0,0,0,0,0,'香辣恐龟香肠',''),(35,160002112,50,0,0,6,0,0,0,0,0,'弥内寿司',''),(36,160002113,50,0,0,6,0,0,0,0,0,'菊苣三明治',''),(37,160002114,50,0,0,6,0,0,0,0,0,'布拉克斯牛排',''),(38,160002115,50,0,0,6,0,0,0,0,0,'恐龟饺子',''),(39,160002116,50,0,0,6,0,0,0,0,0,'布拉克斯烤肉',''),(40,164000067,50,0,0,7,0,0,0,0,0,'下级冲击缓解咒语书',''),(41,164000071,50,0,0,7,0,0,0,0,0,'下级勇气之咒语书',''),(42,164000016,50,0,0,7,0,0,0,0,0,'下级命中上升咒语书',''),(43,164000017,50,0,0,7,0,0,0,0,0,'下级回避上升咒语书',''),(44,164000052,50,0,0,7,0,0,0,0,0,'下级地之防御力提高咒语书',''),(45,164000056,50,0,0,7,0,0,0,0,0,'下级水之防御力提高咒语书',''),(46,164000048,50,0,0,7,0,0,0,0,0,'下级火之防御力提高咒语书',''),(47,164000060,50,0,0,7,0,0,0,0,0,'下级风之防御力提高咒语书',''),(48,164000018,50,0,0,7,0,0,0,0,0,'下级物理攻击力上升咒语书',''),(49,164000019,50,0,0,7,0,0,0,0,0,'下级魔法抵抗提高咒语书',''),(50,164000020,50,0,0,7,0,0,0,0,0,'下级魔法攻击力上升咒语书',''),(51,164000127,50,0,0,7,0,0,0,0,0,'下级魔法致命一击抵抗提高咒语书',''),(52,164000119,50,0,0,7,0,0,0,0,0,'下级魔法致命一击提高咒语书',''),(53,164000123,50,0,0,7,0,0,0,0,0,'下级物理致命一击抵抗提高咒语书',''),(54,164000064,50,0,0,7,0,0,0,0,0,'下级物理致命一击提高咒语书',''),(55,164000015,50,0,0,7,0,0,0,0,0,'下级物理防御力上升咒语书',''),(56,164000077,50,0,0,7,0,0,0,0,0,'下级狂风之咒语书',''),(57,164000074,50,0,0,7,0,0,0,0,0,'下级疾走之咒语书',''),(58,110900103,1,0,0,8,0,0,0,0,0,'可爱泳装',''),(59,110900104,1,0,0,8,0,0,0,0,0,'漂亮泳装',''),(60,110900105,1,0,0,8,0,0,0,0,0,'性感泳装',''),(61,110900060,1,0,0,8,0,0,0,0,0,'婚纱/礼服',''),(62,110900079,1,0,0,8,0,0,0,0,0,'花花公子西装/垫腰礼裙',''),(63,160010004,10,0,0,9,0,0,0,0,0,'骷髅糖果',''),(64,160005011,10,0,0,9,0,0,0,0,0,'白熊糖果-魔族',''),(65,160005010,10,0,0,9,0,0,0,0,0,'白熊糖果-天族',''),(66,187000061,1,0,0,10,0,0,0,0,0,'加乌安之翼',''),(67,187000066,1,0,0,10,0,0,0,0,0,'达里娜之翼',''),(68,187050000,1,0,0,10,0,0,0,0,0,'乌云贸易团之翼',''),(69,187000077,1,0,0,10,0,0,0,0,0,'佩尔农胜利之翼',''),(70,187000075,1,0,0,10,0,0,0,0,0,'埃利安胜利之翼',''),(71,187050003,1,0,0,10,0,0,0,0,0,'[活动]深渊之翼',''),(72,169621008,1,0,0,11,0,0,0,0,0,'金色尼尼斯符咒',''),(73,190000025,1,0,0,12,0,0,0,0,0,'白色小狗蛋',''),(74,190000015,1,0,0,12,0,0,0,0,0,'条纹松鼠蛋',''),(75,190100010,1,0,0,13,0,0,0,0,0,'漂浮的尤菲',''),(76,190100011,1,0,0,13,0,0,0,0,0,'疾走的尤菲',''),(77,100000723,1,0,0,14,0,0,0,0,0,'勇气之剑',''),(78,100000724,1,0,0,14,0,0,0,0,0,'勇气之剑',''),(79,100900554,1,0,0,14,0,0,0,0,0,'勇气之双手剑',''),(80,100900555,1,0,0,14,0,0,0,0,0,'勇气之双手剑',''),(81,101300538,1,0,0,14,0,0,0,0,0,'勇气之枪',''),(82,101300539,1,0,0,14,0,0,0,0,0,'勇气之枪',''),(83,110600834,1,0,0,14,0,0,0,0,0,'勇气之金属胸甲',''),(84,110600835,1,0,0,14,0,0,0,0,0,'勇气之金属胸甲',''),(85,111600813,1,0,0,14,0,0,0,0,0,'勇气之金属手套',''),(86,111600814,1,0,0,14,0,0,0,0,0,'勇气之金属手套',''),(87,112600785,1,0,0,14,0,0,0,0,0,'勇气之金属肩甲',''),(88,112600786,1,0,0,14,0,0,0,0,0,'勇气之金属肩甲',''),(89,113600800,1,0,0,14,0,0,0,0,0,'勇气之金属护腿',''),(90,113600801,1,0,0,14,0,0,0,0,0,'勇气之金属护腿',''),(91,114600794,1,0,0,14,0,0,0,0,0,'勇气之金属长靴',''),(92,114600795,1,0,0,14,0,0,0,0,0,'勇气之金属长靴',''),(93,115000826,1,0,0,14,0,0,0,0,0,'勇气之盾',''),(94,115000828,1,0,0,14,0,0,0,0,0,'勇气之盾',''),(95,100500572,1,0,0,14,0,0,0,0,0,'贤者之宝玉',''),(96,100500573,1,0,0,14,0,0,0,0,0,'贤者之宝玉',''),(97,100600608,1,0,0,14,0,0,0,0,0,'贤者之魔法书',''),(98,100600609,1,0,0,14,0,0,0,0,0,'贤者之魔法书',''),(99,110100931,1,0,0,14,0,0,0,0,0,'贤人之长袍上衣',''),(100,110100932,1,0,0,14,0,0,0,0,0,'贤人之长袍上衣',''),(101,111100831,1,0,0,14,0,0,0,0,0,'贤人之长袍手套',''),(102,111100832,1,0,0,14,0,0,0,0,0,'贤人之长袍手套',''),(103,112100790,1,0,0,14,0,0,0,0,0,'贤人之长袍护肩',''),(104,112100791,1,0,0,14,0,0,0,0,0,'贤人之长袍护肩',''),(105,113100843,1,0,0,14,0,0,0,0,0,'贤人之长袍下衣',''),(106,113100844,1,0,0,14,0,0,0,0,0,'贤人之长袍下衣',''),(107,114100866,1,0,0,14,0,0,0,0,0,'贤人之长袍鞋子',''),(108,114100867,1,0,0,14,0,0,0,0,0,'贤人之长袍鞋子',''),(109,100100568,1,0,0,14,0,0,0,0,0,'慈悲之战斗锤',''),(110,100100569,1,0,0,14,0,0,0,0,0,'慈悲之战斗锤',''),(111,101500566,1,0,0,14,0,0,0,0,0,'慈悲之杖',''),(112,101500567,1,0,0,14,0,0,0,0,0,'慈悲之杖',''),(113,110500849,1,0,0,14,0,0,0,0,0,'慈悲之锁链盔甲',''),(114,110500850,1,0,0,14,0,0,0,0,0,'慈悲之锁链盔甲',''),(115,111500821,1,0,0,14,0,0,0,0,0,'慈悲之锁链手套',''),(116,111500822,1,0,0,14,0,0,0,0,0,'慈悲之锁链手套',''),(117,112500774,1,0,0,14,0,0,0,0,0,'慈悲之锁链肩甲',''),(118,112500775,1,0,0,14,0,0,0,0,0,'慈悲之锁链肩甲',''),(119,113500827,1,0,0,14,0,0,0,0,0,'慈悲之锁链腿甲',''),(120,113500828,1,0,0,14,0,0,0,0,0,'慈悲之锁链腿甲',''),(121,114500837,1,0,0,14,0,0,0,0,0,'慈悲之锁链长靴',''),(122,114500838,1,0,0,14,0,0,0,0,0,'慈悲之锁链长靴',''),(123,114500838,1,0,0,14,0,0,0,0,0,'慈悲之锁链长靴',''),(124,100200673,1,0,0,14,0,0,0,0,0,'闪光之短剑',''),(125,100200674,1,0,0,14,0,0,0,0,0,'闪光之短剑',''),(126,101700594,1,0,0,14,0,0,0,0,0,'闪光之长弓',''),(127,101700595,1,0,0,14,0,0,0,0,0,'闪光之长弓',''),(128,110300881,1,0,0,14,0,0,0,0,0,'闪光之皮革坎肩',''),(129,110300882,1,0,0,14,0,0,0,0,0,'闪光之皮革坎肩',''),(130,111300834,1,0,0,14,0,0,0,0,0,'闪光之皮革手套',''),(131,111300835,1,0,0,14,0,0,0,0,0,'闪光之皮革手套',''),(132,112300784,1,0,0,14,0,0,0,0,0,'闪光之皮革护肩',''),(133,112300785,1,0,0,14,0,0,0,0,0,'闪光之皮革护肩',''),(134,113300860,1,0,0,14,0,0,0,0,0,'闪光之皮革护腿',''),(135,113300861,1,0,0,14,0,0,0,0,0,'闪光之皮革护腿',''),(136,114300893,1,0,0,14,0,0,0,0,0,'闪光之皮靴',''),(137,114300894,1,0,0,14,0,0,0,0,0,'闪光之皮靴',''),(138,125001645,1,0,0,14,0,0,0,0,0,'闪光的乾龙之金眼镜',''),(139,125001655,1,0,0,14,0,0,0,0,0,'闪光的乾龙之长袍头巾',''),(140,125001665,1,0,0,14,0,0,0,0,0,'闪光的乾龙之皮帽',''),(141,125001675,1,0,0,14,0,0,0,0,0,'闪光的乾龙之锁链头盔',''),(142,125001685,1,0,0,14,0,0,0,0,0,'闪光的乾龙之金属头盔',''),(143,120000774,1,0,0,14,0,0,0,0,0,'闪光的乾龙之金耳环',''),(144,120000775,1,0,0,14,0,0,0,0,0,'闪光的乾龙之宝石耳环',''),(145,121000703,1,0,0,14,0,0,0,0,0,'闪光的乾龙之金项链',''),(146,121000704,1,0,0,14,0,0,0,0,0,'闪光的乾龙之宝石项链',''),(147,122000823,1,0,0,14,0,0,0,0,0,'闪光的乾龙之金戒指',''),(148,122000824,1,0,0,14,0,0,0,0,0,'闪光的乾龙之宝石戒指',''),(149,123000816,1,0,0,14,0,0,0,0,0,'闪光的乾龙之皮革腰带',''),(150,123000817,1,0,0,14,0,0,0,0,0,'闪光的乾龙之腰带',''),(151,123000817,1,0,0,14,0,0,0,0,0,'闪光的乾龙之腰带',''),(152,169201004,1,0,0,15,0,0,0,0,0,'紫色',''),(153,169201005,1,0,0,15,0,0,0,0,0,'红色',''),(154,169201006,1,0,0,15,0,0,0,0,0,'纯白色',''),(155,169201007,1,0,0,15,0,0,0,0,0,'纯黑色',''),(156,169201008,1,0,0,15,0,0,0,0,0,'橘黄色',''),(157,169201009,1,0,0,15,0,0,0,0,0,'亮紫色',''),(158,169201010,1,0,0,15,0,0,0,0,0,'粉红色',''),(159,169201011,1,0,0,15,0,0,0,0,0,'深黄色',''),(160,169201012,1,0,0,15,0,0,0,0,0,'绿茶色',''),(161,169201013,1,0,0,15,0,0,0,0,0,'橄榄绿',''),(162,169201014,1,0,0,15,0,0,0,0,0,'深蓝色',''),(163,162000006,50,50,1,3,0,0,0,0,0,'最上级生命药水',''),(164,162000011,50,50,1,3,0,0,0,0,0,'最上级精神药水',''),(165,162000075,100,200,1,3,0,0,0,0,0,'高级生命药水',''),(166,162000076,100,200,1,3,0,0,0,0,0,'高级精神药水',''),(167,162000016,50,50,1,4,0,0,0,0,0,'最上级生命之秘药',''),(168,162000021,50,50,1,4,0,0,0,0,0,'最上级精神之秘药',''),(169,162000077,100,200,1,4,0,0,0,0,0,'高级生命之秘药',''),(170,162000078,100,200,1,4,0,0,0,0,0,'高级精神之秘药',''),(171,162000034,50,50,1,4,0,0,0,0,0,'上级生命之神药',''),(172,162000037,50,50,1,4,0,0,0,0,0,'上级精神之神药',''),(173,162000040,50,50,1,4,0,0,0,0,0,'上级风之神药',''),(174,162000069,50,100,1,4,0,0,0,0,0,'最上级生命之神药',''),(175,162000070,50,100,1,4,0,0,0,0,0,'最上级精神之神药',''),(176,162000071,50,100,1,4,0,0,0,0,0,'最上级风之神药',''),(177,162000023,100,200,1,5,0,0,0,0,0,'上级治疗药水',''),(178,162000062,100,210,1,5,0,0,0,0,0,'治愈之根',''),(179,160010113,10,100,1,6,0,0,0,0,0,'万圣节变身糖果',''),(180,160010114,10,100,1,6,0,0,0,0,0,'万圣节变身糖果',''),(181,160010166,10,100,1,6,0,0,0,0,0,'变成兔子的超级术古变身糖果',''),(182,160010167,10,100,1,6,0,0,0,0,0,'变成兔子的超级术古变身糖果',''),(183,160010127,10,100,1,6,0,0,0,0,0,'喜爱冬天的老虎变身糖果',''),(184,160010128,10,100,1,6,0,0,0,0,0,'喜爱冬天的老虎变身糖果',''),(185,160010089,10,100,1,6,0,0,0,0,0,'喜爱冬天的老虎变身糖果',''),(186,160010090,10,100,1,6,0,0,0,0,0,'喜爱夏天的企鹅变身糖果',''),(187,160010123,10,100,1,6,0,0,0,0,0,'戴圣诞帽的白熊变身糖果',''),(188,160010124,10,100,1,6,0,0,0,0,0,'戴圣诞帽的白熊变身糖果',''),(189,160010184,10,100,1,6,0,0,0,0,0,'无敌紫色企鹅变身糖果',''),(190,160010185,10,100,1,6,0,0,0,0,0,'无敌紫色企鹅变身糖果',''),(191,160010176,10,100,1,6,0,0,0,0,0,'无敌红色企鹅变身糖果',''),(192,160010177,10,100,1,6,0,0,0,0,0,'无敌红色企鹅变身糖果',''),(193,160010182,10,100,1,6,0,0,0,0,0,'无敌绿色企鹅变身糖果',''),(194,160010183,10,100,1,6,0,0,0,0,0,'无敌绿色企鹅变身糖果',''),(195,160010178,10,100,1,6,0,0,0,0,0,'无敌金色企鹅变身糖果',''),(196,160010179,10,100,1,6,0,0,0,0,0,'无敌金色企鹅变身糖果',''),(197,160010180,10,100,1,6,0,0,0,0,0,'无敌黄色企鹅变身糖果',''),(198,160010181,10,100,1,6,0,0,0,0,0,'无敌黄色企鹅变身糖果',''),(199,160010194,10,100,1,6,0,0,0,0,0,'最强紫色企鹅变身糖果',''),(200,160010195,10,100,1,6,0,0,0,0,0,'最强紫色企鹅变身糖果',''),(201,160010186,10,100,1,6,0,0,0,0,0,'最强红色企鹅变身糖果',''),(202,160010187,10,100,1,6,0,0,0,0,0,'最强红色企鹅变身糖果',''),(203,160010192,10,100,1,6,0,0,0,0,0,'最强绿色企鹅变身糖果',''),(204,160010193,10,100,1,6,0,0,0,0,0,'最强绿色企鹅变身糖果',''),(205,160010188,10,100,1,6,0,0,0,0,0,'最强金色企鹅变身糖果',''),(206,160010189,10,100,1,6,0,0,0,0,0,'最强金色企鹅变身糖果',''),(207,160010190,10,100,1,6,0,0,0,0,0,'最强黄色企鹅变身糖果',''),(208,160010191,10,100,1,6,0,0,0,0,0,'最强黄色企鹅变身糖果',''),(209,160010125,10,100,1,6,0,0,0,0,0,'等待冬天的企鹅变身糖果',''),(210,160010126,10,100,1,6,0,0,0,0,0,'等待冬天的企鹅变身糖果',''),(211,160001125,50,200,1,7,0,0,0,0,0,'鲁尼梅鸡尾酒',''),(212,160002126,50,200,1,7,0,0,0,0,0,'寄居蟹奶油意大利面',''),(213,160002127,50,200,1,7,0,0,0,0,0,'象鼻虫香肠',''),(214,160002128,50,200,1,7,0,0,0,0,0,'卡尔盘寿司',''),(215,160001129,50,200,1,7,0,0,0,0,0,'蜥蜴三明治',''),(216,160001130,50,200,1,7,0,0,0,0,0,'龙龟牛排',''),(217,160001131,50,200,1,7,0,0,0,0,0,'费雷尔饺子',''),(218,160001132,50,200,1,7,0,0,0,0,0,'龙蜥兽烤肉',''),(219,160002125,50,200,1,7,0,0,0,0,0,'莱奥皮斯鸡尾酒',''),(220,160001126,50,200,1,7,0,0,0,0,0,'云凯尔贝奶油意大利面',''),(221,160001127,50,200,1,7,0,0,0,0,0,'大脚龙蜥兽香肠',''),(222,160001128,50,200,1,7,0,0,0,0,0,'佩里亚寿司卷',''),(223,160002129,50,200,1,7,0,0,0,0,0,'盖诺三明治',''),(224,160002130,50,200,1,7,0,0,0,0,0,'白虎红酒牛排',''),(225,160001350,50,200,1,7,0,0,0,0,0,'咖啡鱼饺子',''),(226,160002132,50,200,1,7,0,0,0,0,0,'白虎烤肉',''),(227,160001225,50,210,1,7,0,0,0,0,0,'蒸鸣龙王肉',''),(228,160002225,50,210,1,7,0,0,0,0,0,'蒸暗龙王肉',''),(229,160001232,50,210,1,7,0,0,0,0,0,'烤鸣龙王肉',''),(230,160002232,50,210,1,7,0,0,0,0,0,'烤暗龙王肉',''),(231,160001226,50,210,1,7,0,0,0,0,0,'炸鸣龙王肉',''),(232,160002226,50,210,1,7,0,0,0,0,0,'炸暗龙王肉',''),(233,160001229,50,210,1,7,0,0,0,0,0,'炒鸣龙王肉',''),(234,160002229,50,210,1,7,0,0,0,0,0,'炒暗龙王肉',''),(235,160002314,50,250,1,7,0,0,0,0,0,'美味的赛琳鸡尾酒',''),(236,160002329,50,270,1,7,0,0,0,0,0,'美味的蝴蝶螺奥德奶油意大利面',''),(237,160002342,50,300,1,7,0,0,0,0,0,'美味的火鸟药草香肠',''),(238,160002343,50,300,1,7,0,0,0,0,0,'美味的诺克拉拉药草寿司',''),(239,160001346,50,300,1,7,0,0,0,0,0,'美味的火鸟药草三明治',''),(240,160001335,50,300,1,7,0,0,0,0,0,'美味的灯鱼奥德牛排',''),(241,160001348,50,300,1,7,0,0,0,0,0,'美味的莴苣药草饺子',''),(242,160002346,50,300,1,7,0,0,0,0,0,'美味的火鸟药草饺子',''),(243,160001349,50,300,1,7,0,0,0,0,0,'美味的王冠鱼药草烤肉',''),(244,160001316,50,250,1,7,0,0,0,0,0,'美味的贝休鸡尾酒',''),(245,160001331,50,270,1,7,0,0,0,0,0,'美味的纳贝拉奥德奶油意大利面',''),(246,160001344,50,300,1,7,0,0,0,0,0,'美味的火鸟药草香肠',''),(247,160001345,50,300,1,7,0,0,0,0,0,'美味的沛内斯埃药草寿司卷',''),(248,160002344,50,300,1,7,0,0,0,0,0,'美味的扁葱药草三明治',''),(249,160002333,50,300,1,7,0,0,0,0,0,'美味的提帕布红酒奥德牛排',''),(250,160001347,50,300,1,7,0,0,0,0,0,'美味的灯鱼药草饺子',''),(251,160002345,50,300,1,7,0,0,0,0,0,'美味的提帕布红酒药草饺子',''),(252,160002347,50,300,1,7,0,0,0,0,0,'美味的提帕布药草烤肉',''),(253,160001399,50,320,1,7,0,0,0,0,0,'美味的烤应龙天王肉',''),(254,160002397,50,320,1,7,0,0,0,0,0,'美味的烤夔龙天王肉',''),(255,160001393,50,320,1,7,0,0,0,0,0,'美味的炸应龙天王肉',''),(256,160002391,50,320,1,7,0,0,0,0,0,'美味的炸夔龙天王肉',''),(257,160001396,50,320,1,7,0,0,0,0,0,'美味的炒应龙天王肉',''),(258,160002394,50,320,1,7,0,0,0,0,0,'美味的炒夔龙天王肉',''),(259,164000073,100,200,1,8,0,0,0,0,0,'上级勇气之咒语书',''),(260,164000079,100,200,1,8,0,0,0,0,0,'上级狂风之咒语书',''),(261,164000076,100,200,1,8,0,0,0,0,0,'上级疾走之咒语书',''),(262,164000134,100,200,1,8,0,0,0,0,0,'上级觉醒咒语书',''),(263,164000131,100,300,1,8,0,0,0,0,0,'高级冲击缓解咒语书',''),(264,164000115,100,300,1,8,0,0,0,0,0,'高级地属性防御力上升咒语书',''),(265,164000116,100,300,1,8,0,0,0,0,0,'高级水属性防御力上升咒语书',''),(266,164000114,100,300,1,8,0,0,0,0,0,'高级火属性防御力上升咒语书',''),(267,164000117,100,300,1,8,0,0,0,0,0,'高级风属性防御力上升咒语书',''),(268,184002020,1,500,1,9,0,0,0,0,0,'天族组队用便捷奇斯克召唤石',''),(269,184002021,1,500,1,9,0,0,0,0,0,'魔族组队用便捷奇斯克召唤石',''),(270,184002022,1,500,1,9,0,0,0,0,0,'天族组队用隐身型奇斯克召唤石',''),(271,184002023,1,500,1,9,0,0,0,0,0,'天族部队用隐身型奇斯克召唤石',''),(272,184002024,1,500,1,9,0,0,0,0,0,'魔族组队用隐身型奇斯克召唤石',''),(273,184002025,1,500,1,9,0,0,0,0,0,'魔族部队用隐身型奇斯克召唤石',''),(274,184000020,1,500,1,9,0,0,0,0,0,'天族军团用奇斯克召唤石',''),(275,184000024,1,500,1,9,0,0,0,0,0,'魔族军团用奇斯克召唤石',''),(276,184002018,1,500,1,9,0,0,0,0,0,'[活动]胜利祈愿之蛋糕形状奇斯克',''),(277,184002019,1,500,1,9,0,0,0,0,0,'[活动]胜利祈愿之蛋糕形状奇斯克',''),(278,184002016,1,500,1,9,0,0,0,0,0,'[活动]蛋糕形状奇斯克',''),(279,184002017,1,500,1,9,0,0,0,0,0,'[活动]蛋糕形状奇斯克',''),(280,110900218,1,50,2,3,0,0,0,0,0,'我是你的情侣',''),(281,110900214,1,50,2,3,0,0,0,0,0,'我的爱情侣',''),(282,110900215,1,50,2,3,0,0,0,0,0,'简洁校服',''),(283,110900216,1,50,2,3,0,0,0,0,0,'端庄校服',''),(284,110900242,1,50,2,3,0,0,0,0,0,'只听见你的声音情侣',''),(285,110900243,1,50,2,3,0,0,0,0,0,'我是你的情侣',''),(286,110900095,1,50,2,3,0,0,0,0,0,'[活动]昂德之宴会服',''),(287,110900096,1,50,2,3,0,0,0,0,0,'[活动]提莫坎德之宴会服',''),(288,110900097,1,50,2,3,0,0,0,0,0,'[活动]米安娜之宴会服',''),(289,110900098,1,50,2,3,0,0,0,0,0,'[活动]帕兰提内之宴会服',''),(290,110900099,1,50,2,3,0,0,0,0,0,'昂德之宴会服',''),(291,110900100,1,50,2,3,0,0,0,0,0,'提莫坎德之宴会服',''),(292,110900101,1,50,2,3,0,0,0,0,0,'米安娜之宴会服',''),(293,110900102,1,50,2,3,0,0,0,0,0,'帕兰提内之宴会服',''),(294,110900109,1,50,2,3,0,0,0,0,0,'[活动]德布里衣服',''),(295,110900110,1,50,2,3,0,0,0,0,0,'深情恋人礼服',''),(296,110900111,1,50,2,3,0,0,0,0,0,'哀切恋人礼服',''),(297,110900112,1,50,2,3,0,0,0,0,0,'滑稽小丑上衣',''),(298,110900113,1,50,2,3,0,0,0,0,0,'普古斯衣服',''),(299,110900114,1,50,2,3,0,0,0,0,0,'德布里衣服',''),(300,110900119,1,50,2,3,0,0,0,0,0,'性感的斜纹连衣裙',''),(301,110900120,1,50,2,3,0,0,0,0,0,'活泼的斜纹连衣裙',''),(302,110900121,1,50,2,3,0,0,0,0,0,'可爱的斜纹连衣裙',''),(303,110900122,1,50,2,3,0,0,0,0,0,'Tell Me衬衫和褶皱围裙',''),(304,110900123,1,50,2,3,0,0,0,0,0,'Nobody复古连衣裙',''),(305,110900124,1,50,2,3,0,0,0,0,0,'闪光的裤子和衬衫',''),(306,110900125,1,50,2,3,0,0,0,0,0,'古朴绸缎韩服',''),(307,110900126,1,50,2,3,0,0,0,0,0,'戈兰之宴会服',''),(308,110900127,1,50,2,3,0,0,0,0,0,'米纳尔之宴会服',''),(309,110900128,1,50,2,3,0,0,0,0,0,'诺安娜之宴会服',''),(310,110900129,1,50,2,3,0,0,0,0,0,'罗安之宴会服',''),(311,110900130,1,50,2,3,0,0,0,0,0,'[活动]高级绸缎韩服',''),(312,110900303,1,50,2,3,0,31,0,0,0,'气质传统服装',''),(313,110900308,1,50,2,3,0,32,0,0,0,'高级传统服装',''),(314,110900313,1,50,2,3,0,30,0,0,0,'高品位服装',''),(315,110900318,1,50,2,3,0,44,0,0,0,'整洁的新年上衣',''),(316,110900171,1,50,2,3,0,48,0,0,0,'充满魅力的魔法师衣服',''),(317,111000025,1,50,2,3,0,47,0,0,0,'充满魅力的魔法师手套',''),(318,114000020,1,50,2,3,0,48,0,0,0,'充满魅力的魔法师鞋子',''),(319,110900160,1,50,2,3,0,34,0,0,0,'鲤鱼旗法袍',''),(320,110900232,1,50,2,3,0,31,0,0,0,'鲤鱼旗节服装',''),(321,110900048,1,50,2,3,0,38,0,0,0,'S80王朝重甲',''),(322,110900050,1,50,2,3,0,35,0,0,0,'S80王朝长袍',''),(323,110900049,1,50,2,3,0,42,0,0,0,'S80王朝护胫',''),(324,110900184,1,50,2,3,0,40,0,0,0,'深蓝色帅气水手服',''),(325,110900190,1,50,2,3,0,35,0,0,0,'白色帅气水手服',''),(326,110900136,1,50,2,3,0,33,0,0,0,'狐尾热裤',''),(327,110900137,1,50,2,3,0,35,0,0,0,'条纹芭蕾服',''),(328,110900138,1,50,2,3,0,36,0,0,0,'野性裤子和背心',''),(329,110900139,1,50,2,3,0,31,0,0,0,'魔法师的衣服',''),(330,110900140,1,50,2,3,0,40,0,0,0,'幸福节日服装',''),(331,110900041,1,50,2,3,0,5,0,0,0,'公主裙',''),(332,110900223,1,50,2,3,0,40,0,0,0,'训练服',''),(333,110900193,1,80,2,3,0,39,0,0,0,'简洁的神庙外出服',''),(334,110900194,1,80,2,3,0,33,0,0,0,'简洁的神庙宴会服',''),(335,110900195,1,80,2,3,0,33,0,0,0,'活泼的神庙外出服',''),(336,110900196,1,80,2,3,0,35,0,0,0,'优雅的神庙宴会服',''),(337,110900197,1,80,2,3,0,32,0,0,0,'端庄的神庙外出服',''),(338,110900198,1,80,2,3,0,33,0,0,0,'华丽的神庙外出服',''),(339,110900199,1,80,2,3,0,33,0,0,0,'华丽的神庙宴会服',''),(340,110900200,1,80,2,3,0,33,0,0,0,'别致的神庙宴会服',''),(341,110900201,1,80,2,3,0,32,0,0,0,'热烈的神庙宴会服',''),(342,110900338,1,100,2,3,0,40,0,0,0,'光辉天使服',''),(343,110900339,1,100,2,3,0,40,0,0,0,'恶魔使徒服',''),(344,110900348,1,100,2,3,0,40,0,0,0,'活泼婚纱/燕尾服',''),(345,110900353,1,100,2,3,0,40,0,0,0,'端庄的女仆服装',''),(346,110900357,1,100,2,3,0,40,0,0,0,'可爱女仆服装',''),(347,110900344,1,100,2,3,0,40,0,0,0,'清新海军服',''),(348,110900340,1,100,2,3,0,40,0,0,0,'甜蜜情侣服装',''),(349,110900341,1,100,2,3,0,40,0,0,0,'高傲单身服装',''),(350,110900342,1,100,2,3,0,40,0,0,0,'幸福情侣服装',''),(351,110900343,1,100,2,3,0,40,0,0,0,'干练单身服装',''),(352,125040047,1,10,2,4,0,30,0,0,0,'[活动]新年祝福帽子',''),(353,125040048,1,10,2,4,0,30,0,0,0,'[活动]新年鹿角帽',''),(354,125040049,1,10,2,4,0,30,0,0,0,'[活动]新年贝雷帽',''),(355,125040050,1,10,2,4,0,30,0,0,0,'[活动]新年圆帽',''),(356,125040051,1,10,2,4,0,30,0,0,0,'[活动]新年便帽',''),(357,125040053,1,10,2,4,0,36,0,0,0,'深情恋人头饰',''),(358,125040054,1,10,2,4,0,34,0,0,0,'深情恋人舞会帽',''),(359,125040055,1,10,2,4,0,33,0,0,0,'深情恋人散步帽',''),(360,125040056,1,10,2,4,0,36,0,0,0,'悲情恋人三重冠',''),(361,125040057,1,10,2,4,0,36,0,0,0,'悲情恋人天使环',''),(362,125040058,1,10,2,4,0,42,0,0,0,'悲情恋人舞会装饰',''),(363,125040059,1,10,2,4,0,31,0,0,0,'滑稽小丑帽子',''),(364,125040060,1,10,2,4,0,30,0,0,0,'[活动]心形头带(30天)',''),(365,125040061,1,10,2,4,0,30,0,0,0,'[活动]高帽',''),(366,125040062,1,10,2,4,0,31,0,0,0,'普古斯帽子',''),(367,125040063,1,10,2,4,0,32,0,0,0,'德布里帽子',''),(368,125040064,1,10,2,4,0,34,0,0,0,'南瓜帽',''),(369,125040065,1,10,2,4,0,31,0,0,0,'狗皮帽',''),(370,125040066,1,10,2,4,0,30,0,0,0,'凯鲁宾角帽子',''),(371,125040067,1,10,2,4,0,30,0,0,0,'史匹格耳朵帽子',''),(372,125040068,1,10,2,4,0,30,0,0,0,'葡萄帽',''),(373,125040069,1,10,2,4,0,34,0,0,0,'熊耳头带',''),(374,125040070,1,10,2,4,0,39,0,0,0,'兔耳头带',''),(375,125040071,1,10,2,4,0,30,0,0,0,'心型气球头带',''),(376,125040072,1,10,2,4,0,30,0,0,0,'向日葵头带',''),(377,125040073,1,10,2,4,0,30,0,0,0,'郁金香头带',''),(378,125040074,1,10,2,4,0,37,0,0,0,'红色守护者头带',''),(379,125040075,1,10,2,4,0,38,0,0,0,'火焰头发',''),(380,125040076,1,10,2,4,0,49,0,0,0,'太阳镜',''),(381,125040077,1,10,2,4,0,30,0,0,0,'游泳镜',''),(382,125040078,1,10,2,4,0,30,0,0,0,'可爱泳帽',''),(383,125040079,1,10,2,4,0,54,0,0,0,'潜水头盔/性感头巾',''),(384,125040080,1,10,2,4,0,41,0,0,0,'沙滩帽',''),(385,125040081,1,10,2,4,0,35,0,0,0,'斗笠/簪子',''),(386,125040082,1,10,2,4,0,35,0,0,0,'辫子头',''),(387,125040083,1,10,2,4,0,31,0,0,0,'古朴头饰',''),(388,125040084,1,10,2,4,0,31,0,0,0,'公子帽/防寒帽',''),(389,125001494,1,10,2,4,0,30,0,0,0,'水精灵之面具',''),(390,125001563,1,10,2,4,0,30,0,0,0,'人参的月桂冠',''),(391,125001101,1,10,2,4,0,41,0,0,0,'风术士之面具',''),(392,125001106,1,10,2,4,0,33,0,0,0,'守护者之标志',''),(393,125040160,1,10,2,4,0,50,0,0,0,'充满魅力的魔法师帽子',''),(394,125040107,1,10,2,4,0,33,0,0,0,'窄边礼帽',''),(395,125045071,1,10,2,4,0,34,0,0,0,'鲜花帽子型发卡',''),(396,125040133,1,10,2,4,0,34,0,0,0,'鲤鱼旗帽子',''),(397,125045103,1,10,2,4,0,34,0,0,0,'鸡蛋帽',''),(398,125050012,1,10,2,4,0,34,0,0,0,'风帽头饰',''),(399,125050028,1,10,2,4,0,34,0,0,0,'高傲单身帽子',''),(400,125045048,1,10,2,4,0,34,0,0,0,'高级贵族帽',''),(401,125040108,1,10,2,4,0,34,0,0,0,'鸭舌帽',''),(402,125040118,1,10,2,4,0,34,0,0,0,'黄土精灵帽子',''),(403,125040242,1,10,2,4,0,34,0,0,0,'龙蜥兽帽子',''),(404,125040139,1,10,2,4,0,42,0,0,0,'帅气海军帽',''),(405,110900344,1,10,2,4,0,42,0,0,0,'清新海军服',''),(406,125045030,1,10,2,4,0,42,0,0,0,'可爱海军帽',''),(407,125045063,1,10,2,4,0,42,0,0,0,'猫耳发箍',''),(408,125045096,1,10,2,4,0,42,0,0,0,'草莓帽',''),(409,125045101,1,10,2,4,0,42,0,0,0,'柠檬帽',''),(410,125045059,1,10,2,4,0,42,0,0,0,'蕾丝发箍',''),(411,125045036,1,10,2,4,0,42,0,0,0,'浪漫面纱',''),(412,100100522,1,300,2,5,0,1,0,0,0,'灵魂之战斗锤',''),(413,100600560,1,300,2,5,0,6,0,0,0,'灵魂之魔法书',''),(414,101500520,1,300,2,5,0,1,0,0,0,'灵魂之杖',''),(415,101700540,1,300,2,5,0,2,0,0,0,'灵魂之长弓',''),(416,100900504,1,300,2,5,0,0,0,0,0,'灵魂之双手剑',''),(417,100500522,1,300,2,5,0,3,0,0,0,'灵魂之宝玉',''),(418,101300496,1,300,2,5,0,3,0,0,0,'灵魂之枪',''),(419,100000673,1,300,2,5,0,0,0,0,0,'灵魂之剑',''),(420,100001111,1,300,2,5,0,32,0,0,0,'乔纳伊的灯光',''),(421,100001357,1,300,2,5,0,2,0,0,0,'下雪的甜美棒棒糖',''),(422,100001057,1,300,2,5,0,0,0,0,0,'马克伦之稀有装饰',''),(423,100001056,1,300,2,5,0,1,0,0,0,'马克伦之珍贵装饰',''),(424,100901049,1,300,2,5,0,1,0,0,0,'下雪的圣诞树',''),(425,100900847,1,300,2,5,0,1,0,0,0,'莫奥休的工具',''),(426,100900549,1,300,2,5,0,1,0,0,0,'里乌伦的观赏鱼',''),(427,100101035,1,300,2,5,0,2,0,0,0,'下雪的叮当银铃',''),(428,100100850,1,300,2,5,0,8,0,0,0,'沙特安的零食',''),(429,100100802,1,300,2,5,0,0,0,0,0,'卡休伦之稀有玩具',''),(430,100100801,1,300,2,5,0,0,0,0,0,'卡休伦之珍贵玩具',''),(431,100201205,1,300,2,5,0,2,0,0,0,'下雪的圣诞噩梦',''),(432,100200979,1,300,2,5,0,2,0,0,0,'亚休克林的野味',''),(433,100200937,1,300,2,5,0,0,0,0,0,'斯尼伦之稀有零食',''),(434,100200936,1,300,2,5,0,0,0,0,0,'斯尼伦之珍贵零食',''),(435,101501065,1,300,2,5,0,0,0,0,0,'下雪的圣诞指挥棒',''),(436,101500873,1,300,2,5,0,0,0,0,0,'邓贝尔的玩具',''),(437,101500828,1,300,2,5,0,2,0,0,0,'弗塞伦之稀有花草',''),(438,101500827,1,300,2,5,0,0,0,0,0,'弗塞伦之珍贵花草',''),(439,100601100,1,300,2,5,0,0,0,0,0,'下雪的圣诞卡片',''),(440,100600920,1,300,2,5,0,0,0,0,0,'蒙塞的石板',''),(441,100600878,1,300,2,5,0,0,0,0,0,'塔伊伦之稀有手册',''),(442,100600877,1,300,2,5,0,2,0,0,0,'塔伊伦之珍贵手册',''),(443,100501048,1,300,2,5,0,0,0,0,0,'下雪的圣诞花环',''),(444,100500864,1,300,2,5,0,1,0,0,0,'奇兹的日晷',''),(445,100500823,1,300,2,5,0,1,0,0,0,'杜奇伦之稀有胸针',''),(446,100500822,1,300,2,5,0,1,0,0,0,'杜奇伦之珍贵胸针',''),(447,101701074,1,300,2,5,0,3,0,0,0,'下雪的圣诞衣架',''),(448,101700888,1,300,2,5,0,0,0,0,0,'沙斯勒姆的标本',''),(449,101700845,1,300,2,5,0,0,0,0,0,'胡达伦之稀有乐器',''),(450,101700844,1,300,2,5,0,0,0,0,0,'胡达伦之珍贵乐器',''),(451,101300991,1,300,2,5,0,1,0,0,0,'下雪的闪亮北极星',''),(452,101300813,1,300,2,5,0,2,0,0,0,'严迪安的道具',''),(453,101300772,1,300,2,5,0,1,0,0,0,'埃乌伦之稀有矿石战戟',''),(454,101300771,1,300,2,5,0,4,0,0,0,'埃乌伦之珍贵矿石战戟',''),(455,115001091,1,300,2,5,0,0,0,0,0,'米卡伦之稀有盘子',''),(456,115001090,1,300,2,5,0,1,0,0,0,'米卡伦之珍贵盘子',''),(457,115001183,1,300,2,5,0,12,0,0,0,'努亨的决定',''),(458,115001186,1,300,2,5,0,11,0,0,0,'圣诞雪人',''),(459,100100763,1,300,2,5,0,2,0,0,0,'黑暗术古难民战棍',''),(460,115001383,1,300,2,5,0,5,0,0,0,'野猫之盾',''),(461,101701061,1,300,2,5,0,2,0,0,0,'野猫之弓',''),(462,101501052,1,300,2,5,0,0,0,0,0,'野猫之法杖',''),(463,101300980,1,300,2,5,0,2,0,0,0,'野猫之战戟',''),(464,100901037,1,300,2,5,0,1,0,0,0,'野猫之大剑',''),(465,100601089,1,300,2,5,0,1,0,0,0,'野猫之法书',''),(466,100501037,1,300,2,5,0,2,0,0,0,'野猫之宝玉',''),(467,100201186,1,300,2,5,0,5,0,0,0,'野猫之短剑',''),(468,100101024,1,300,2,5,0,2,0,0,0,'野猫之战棍',''),(469,100001345,1,300,2,5,0,1,0,0,0,'野猫之长剑',''),(470,115001384,1,300,2,5,0,4,0,0,0,'俄罗斯猫之盾',''),(471,100101025,1,300,2,5,0,6,0,0,0,'俄罗斯猫之战棍',''),(472,190100000,1,100,3,3,0,51,0,0,0,'旋风之云',''),(473,190100003,1,200,3,3,0,31,0,0,0,'奔跑的帕卡提',''),(474,190100004,1,200,3,3,0,34,0,0,0,'疾走的佩尔卡提',''),(475,190100005,1,100,3,3,0,34,0,0,0,'紫色格拉罕',''),(476,190100006,1,150,3,3,0,32,0,0,0,'红色格拉罕',''),(477,190100007,1,200,3,3,0,35,0,0,0,'蓝色格拉罕',''),(478,190100008,1,200,3,3,0,37,0,0,0,'高速摩托车',''),(479,190100009,1,250,3,3,0,59,0,0,0,'超高速摩托车',''),(480,190100012,1,200,3,3,0,32,0,0,0,'敏捷幽浮灵',''),(481,190100013,1,100,3,3,0,30,0,0,0,'疾走的尤菲',''),(482,190100013,1,200,3,3,0,31,0,0,0,'粗糙的帕卡提缰绳',''),(483,190100023,1,150,3,3,0,31,0,0,0,'快速巴伊基',''),(484,190100032,1,150,3,3,0,30,0,0,0,'跳动的佩勒玛提',''),(485,190100037,1,100,3,3,0,33,0,0,0,'飞快的尤波伊',''),(486,190100052,1,300,3,3,0,33,0,0,0,'光速飞行摩托',''),(487,190100053,1,300,3,3,0,33,0,0,0,'音速飞行摩托',''),(488,190100051,1,300,3,3,0,33,0,0,0,'急速帕卡提',''),(489,190100049,1,300,3,3,0,33,0,0,0,'急速火鸟',''),(490,190100048,1,300,3,3,0,33,0,0,0,'荣誉军团之军马',''),(491,190100047,1,300,3,3,0,33,0,0,0,'胜战军团之军马',''),(492,190020050,1,100,3,4,0,4,0,0,0,'太极术古男孩的蛋',''),(493,190020051,1,100,3,4,0,4,0,0,0,'太极术古女孩的蛋',''),(494,190020064,1,100,3,4,0,16,0,0,0,'武术少年德里安蛋',''),(495,190020062,1,100,3,4,0,22,0,0,0,'金色拉达玛蛋',''),(496,190020061,1,100,3,4,0,5,0,0,0,'白色拉达玛蛋',''),(497,190000027,1,100,3,4,0,29,0,0,0,'沙漠狐的蛋',''),(498,190020082,1,100,3,4,0,20,0,0,0,'柠檬色推土机蛋',''),(499,190020031,1,100,3,4,0,20,0,0,0,'蓝毛格力普蛋',''),(500,190020116,1,100,3,4,0,20,0,0,0,'红头巾克鲁勃蛋(30天)',''),(501,190020120,1,100,3,4,0,20,0,0,0,'塔哈巴塔的蛋(30天)',''),(502,190020121,1,100,3,4,0,20,0,0,0,'鲁德拉的蛋(30天)',''),(503,190020122,1,100,3,4,0,20,0,0,0,'鲁克雄的蛋(30天)',''),(504,166000090,5,100,4,3,0,20,0,0,0,'90级强化石',''),(505,166000100,5,200,4,3,0,20,0,0,0,'100级强化石',''),(506,166000110,5,300,4,3,0,20,0,0,0,'110级强化石',''),(507,166000120,5,400,4,3,0,20,0,0,0,'120级强化石',''),(508,166000130,5,500,4,3,0,20,0,0,0,'130级强化石',''),(509,166000140,5,600,4,3,0,20,0,0,0,'140级强化石',''),(510,166000150,5,700,4,3,0,20,0,0,0,'150级强化石',''),(511,166000160,5,800,4,3,0,20,0,0,0,'160级强化石',''),(512,166000170,5,900,4,3,0,20,0,0,0,'170级强化石',''),(513,166000180,5,1000,4,3,0,20,0,0,0,'180级强化石',''),(514,166000190,5,1100,4,3,0,20,0,0,0,'190级强化石',''),(515,168000117,1,1000,4,4,0,20,0,0,0,'神石:梅斯兰泰达的野心',''),(516,168000118,1,1000,4,4,0,20,0,0,0,'神石:艾莱休奇卡的名誉',''),(517,168000119,1,1000,4,4,0,20,0,0,0,'神石:内扎坎的进军',''),(518,168000120,1,1000,4,4,0,20,0,0,0,'神石:布里特拉的阴谋',''),(519,168000121,1,1000,4,4,0,20,0,0,0,'神石:普雷奇温的诡计',''),(520,168000133,1,1000,4,4,0,20,0,0,0,'神石:梅斯兰泰达的忏悔',''),(521,168000128,1,1000,4,4,0,20,0,0,0,'神石:尤斯迪埃的温情',''),(522,168000132,1,1000,4,4,0,20,0,0,0,'神石:白杰尔的誓言',''),(523,168000127,1,1000,4,4,0,20,0,0,0,'神石:马勒库坦的公正',''),(524,168000131,1,1000,4,4,0,20,0,0,0,'神石:特里尼埃尔的理性',''),(525,168000126,1,1000,4,4,0,20,0,0,0,'神石:提亚马特的反击',''),(526,168000130,1,1000,4,4,0,20,0,0,0,'神石:提亚马特的激愤',''),(527,168000125,1,1000,4,4,0,20,0,0,0,'神石:普雷奇温的策略',''),(528,168000123,1,1000,4,4,0,20,0,0,0,'神石:凯西内尔的幻象',''),(529,168000124,1,1000,4,4,0,20,0,0,0,'神石:吉凯尔的傲慢',''),(530,168000129,1,1000,4,4,0,20,0,0,0,'神石:布里特拉的私心',''),(531,168000122,1,1000,4,4,0,20,0,0,0,'神石:鲁米埃尔的干涉',''),(532,167000554,10,100,4,5,0,20,0,0,0,'魔石:回避 +17',''),(533,167000557,10,100,4,5,0,20,0,0,0,'魔石:盾牌防御 +27',''),(534,167000556,10,100,4,5,0,20,0,0,0,'魔石:武器防御 +27',''),(535,167000561,10,100,4,5,0,20,0,0,0,'魔石:魔法抵抗 +14',''),(536,167000553,10,100,4,5,0,20,0,0,0,'魔石:命中 +27',''),(537,167000518,10,100,4,5,0,20,0,0,0,'魔石:攻击力+5',''),(538,167000555,10,100,4,5,0,20,0,0,0,'魔石:魔法增幅力 +27',''),(539,167000560,10,100,4,5,0,20,0,0,0,'魔石:魔法命中 +14',''),(540,167000558,10,100,4,5,0,20,0,0,0,'魔石:物理致命一击 +17',''),(541,167000551,10,100,4,5,0,20,0,0,0,'魔石:生命力 +95',''),(542,167000552,10,100,4,5,0,20,0,0,0,'魔石:精神力 +95',''),(543,167000563,10,100,4,5,0,20,0,0,0,'魔石:治愈量增加+3',''),(544,188020000,1,500,4,5,0,20,0,0,0,'实体发动石',''),(545,188020001,1,1000,4,5,0,20,0,0,0,'上级实体发动石',''),(546,182202137,1,100,4,6,0,20,0,0,0,'要塞之徽章',''),(547,182202108,1,100,4,6,0,20,0,0,0,'要塞守护者的证件',''),(548,182206030,1,100,4,6,0,20,0,0,0,'要塞旗帜',''),(549,182204402,1,100,4,6,0,20,0,0,0,'要塞的碎片',''),(550,182290384,1,100,4,6,0,20,0,0,0,'阻击用要塞岗楼',''),(551,182291384,1,100,4,6,0,20,0,0,0,'阻击用要塞岗楼',''),(552,122001524,1,10000,4,6,0,20,0,0,0,'克罗坦要塞印章戒指',''),(553,122001522,1,10000,4,6,0,20,0,0,0,'古代城市娄要塞印章戒指',''),(554,122001529,1,10000,4,6,0,20,0,0,0,'古代龙神殿要塞印章戒指',''),(555,122001530,1,10000,4,6,0,20,0,0,0,'巴卡巴塔封印塔要塞印章戒指',''),(556,122001520,1,10000,4,6,0,20,0,0,0,'希埃尔的东部要塞印章戒指',''),(557,122001519,1,10000,4,6,0,20,0,0,0,'希埃尔的西部要塞印章戒指',''),(558,122001525,1,10000,4,6,0,20,0,0,0,'德奇沙斯要塞印章戒指',''),(559,122001526,1,10000,4,6,0,20,0,0,0,'拉米兰要塞印章戒指',''),(560,122001521,1,10000,4,6,0,20,0,0,0,'硫磺树要塞印章戒指',''),(561,122001527,1,10000,4,6,0,20,0,0,0,'神圣要塞印章戒指',''),(562,122001531,1,10000,4,6,0,20,0,0,0,'红色大地神殿要塞印章戒指',''),(563,122001528,1,10000,4,6,0,20,0,0,0,'贪婪祭坛要塞印章戒指',''),(564,122001523,1,10000,4,6,0,20,0,0,0,'阿斯特利亚要塞印章戒指',''),(565,140000556,1,100,4,7,0,20,0,0,0,'起死回生VI',''),(566,140000557,1,100,4,7,0,20,0,0,0,'庇护之盔甲VI',''),(567,140000560,1,100,4,7,0,20,0,0,0,'精神破坏VI',''),(568,140000561,1,100,4,7,0,20,0,0,0,'魔力重击VI',''),(569,140000552,1,100,4,7,0,20,0,0,0,'威胁Ⅲ',''),(570,140000553,1,100,4,7,0,20,0,0,0,'束缚波III',''),(571,140000555,1,100,4,7,0,20,0,0,0,'破灭之盾II',''),(572,140000354,1,100,4,7,0,20,0,0,0,'主神的保护I',''),(573,140000536,1,100,4,7,0,20,0,0,0,'破坏一击VI',''),(574,140000537,1,100,4,7,0,20,0,0,0,'熟练的反击VI',''),(575,140000538,1,100,4,7,0,20,0,0,0,'锐利一击VI',''),(576,140000534,1,100,4,7,0,20,0,0,0,'破灭之猛击IV',''),(577,140000535,1,100,4,7,0,20,0,0,0,'断然一击IV',''),(578,140000524,1,100,4,7,0,20,0,0,0,'斩脚III',''),(579,140000525,1,100,4,7,0,20,0,0,0,'回旋一击III',''),(580,140000526,1,100,4,7,0,20,0,0,0,'幻影弹II',''),(581,140000527,1,100,4,7,0,20,0,0,0,'烈焰狂刃II',''),(582,140000601,1,100,4,7,0,20,0,0,0,'猛兽的伤痕VI',''),(583,140000602,1,100,4,7,0,20,0,0,0,'快速斩VI',''),(584,140000603,1,100,4,7,0,20,0,0,0,'爆炸斩VI',''),(585,140000604,1,100,4,7,0,20,0,0,0,'闪电斩VI',''),(586,140000598,1,100,4,7,0,20,0,0,0,'连锁纹样爆炸IV',''),(587,140000599,1,100,4,7,0,20,0,0,0,'奇袭斩IV',''),(588,140000595,1,100,4,7,0,20,0,0,0,'闪光爆炸III',''),(589,140000596,1,100,4,7,0,20,0,0,0,'沉默纹样爆炸II',''),(590,140000597,1,100,4,7,0,20,0,0,0,'昏厥之刃II',''),(591,140000579,1,100,4,7,0,20,0,0,0,'疾风箭VI',''),(592,140000580,1,100,4,7,0,20,0,0,0,'爆炸箭VI',''),(593,140000575,1,100,4,7,0,20,0,0,0,'狂风箭IV',''),(594,140000576,1,100,4,7,0,20,0,0,0,'狂暴之箭IV',''),(595,140000572,1,100,4,7,0,20,0,0,0,'炸裂陷阱III',''),(596,140000573,1,100,4,7,0,20,0,0,0,'闪电箭II',''),(597,140000574,1,100,4,7,0,20,0,0,0,'痛苦之箭II',''),(598,140000368,1,100,4,7,0,20,0,0,0,'箭矢强化I',''),(599,140000628,1,100,4,7,0,20,0,0,0,'再生之光辉VI',''),(600,140000629,1,100,4,7,0,20,0,0,0,'记忆封锁VI',''),(601,140000630,1,100,4,7,0,20,0,0,0,'痛苦连锁VI',''),(602,140000624,1,100,4,7,0,20,0,0,0,'净化之水IV',''),(603,140000626,1,100,4,7,0,20,0,0,0,'召唤:高洁气息IV',''),(604,140000621,1,100,4,7,0,20,0,0,0,'召唤:治愈之气息III',''),(605,140000622,1,100,4,7,0,20,0,0,0,'弱化之印III',''),(606,140000623,1,100,4,7,0,20,0,0,0,'霹雳II',''),(607,140000442,1,100,4,7,0,20,0,0,0,'生命之权能I',''),(608,140000649,1,100,4,7,0,20,0,0,0,'气力重生VI',''),(609,140000650,1,100,4,7,0,20,0,0,0,'风之祝福VI',''),(610,140000651,1,100,4,7,0,20,0,0,0,'魔力恢复VI',''),(611,140000648,1,100,4,7,0,20,0,0,0,'破散击IV',''),(612,140000644,1,100,4,7,0,20,0,0,0,'波动攻击III',''),(613,140000645,1,100,4,7,0,20,0,0,0,'痊愈之手III',''),(614,140000646,1,100,4,7,0,20,0,0,0,'冲击锁II',''),(615,140000647,1,100,4,7,0,20,0,0,0,'铁壁之咒语II',''),(616,140000667,1,100,4,7,0,20,0,0,0,'幻影漩涡VI',''),(617,140000668,1,100,4,7,0,20,0,0,0,'岩石召唤VI',''),(618,140000666,1,100,4,7,0,20,0,0,0,'火焰乱舞IV',''),(619,140000663,1,100,4,7,0,20,0,0,0,'落雷III',''),(620,140000664,1,100,4,7,0,20,0,0,0,'冰雪甲胄II',''),(621,140000665,1,100,4,7,0,20,0,0,0,'冰河重击II',''),(622,140000465,1,100,4,7,0,20,0,0,0,'元素结界I',''),(623,140000683,1,100,4,7,0,20,0,0,0,'召唤:旋风之气息VI',''),(624,140000684,1,100,4,7,0,20,0,0,0,'魔法逆流VI',''),(625,140000680,1,100,4,7,0,20,0,0,0,'幽冥之苦痛IV',''),(626,140000678,1,100,4,7,0,20,0,0,0,'黄泉之诅咒II',''),(627,140000493,1,100,4,7,0,20,0,0,0,'命令:催眠I',''),(628,140000486,1,100,4,7,0,20,0,0,0,'精灵强化:治愈I',''),(629,140000488,1,100,4,7,0,20,0,0,0,'催眠雾气I',''),(630,140000237,1,100,4,7,0,20,0,0,0,'坚固的盾牌I',''),(631,140000238,1,100,4,7,0,20,0,0,0,'破坏之气合I',''),(632,140000222,1,100,4,7,0,20,0,0,0,'突击姿态I',''),(633,140000400,1,100,4,7,0,20,0,0,0,'六感最大化I',''),(634,140000245,1,100,4,7,0,20,0,0,0,'风之疾走I',''),(635,140000247,1,100,4,7,0,20,0,0,0,'猎人的决心I',''),(636,140000269,1,100,4,7,0,20,0,0,0,'幻生之手I',''),(637,169500141,1,100,4,7,0,20,0,0,0,'治愈之手I',''),(638,140000286,1,100,4,7,0,20,0,0,0,'不败之真言I',''),(639,140000291,1,100,4,7,0,20,0,0,0,'幻影I',''),(640,140000293,1,100,4,7,0,20,0,0,0,'集中祈祷I',''),(641,140000295,1,100,4,7,0,20,0,0,0,'睡眠暴风I',''),(642,140000302,1,100,4,7,0,20,0,0,0,'精灵强化:强化甲胄I',''),(643,140000303,1,100,4,7,0,20,0,0,0,'钝化足镣I',''),(644,140000306,1,100,4,7,0,20,0,0,0,'命令:破灭攻势I',''),(645,152207236,1,500,5,3,0,304,0,0,0,'图案:高级恢复药水',''),(646,152202234,1,500,5,3,0,308,0,0,0,'图案:高级恢复药水',''),(647,152207153,1,500,5,3,0,306,0,0,0,'图案:高级恢复秘药',''),(648,152202151,1,500,5,3,0,310,0,0,0,'图案:高级恢复秘药',''),(649,152207134,1,500,5,3,0,306,0,0,0,'图案:高级风之秘药',''),(650,152202132,1,500,5,3,0,301,0,0,0,'图案:高级风之秘药',''),(651,152207133,1,500,5,3,0,304,0,0,0,'图案:高级精神之秘药',''),(652,152202131,1,500,5,3,0,302,0,0,0,'图案:高级精神之秘药',''),(653,152207132,1,500,5,3,0,303,0,0,0,'图案:高级生命之秘药',''),(654,152202130,1,500,5,3,0,301,0,0,0,'图案:高级生命之秘药',''),(655,152207131,1,500,5,3,0,303,0,0,0,'图案:高级精神药水',''),(656,152202129,1,500,5,3,0,300,0,0,0,'图案:高级精神药水',''),(657,152207130,1,500,5,3,0,302,0,0,0,'图案:高级生命药水',''),(658,152202128,1,500,5,3,0,300,0,0,0,'图案:高级生命药水',''),(659,152207129,1,500,5,3,0,307,0,0,0,'图案:上级觉醒咒语书',''),(660,152202127,1,500,5,3,0,311,0,0,0,'图案:上级觉醒咒语书',''),(661,152207118,1,500,5,3,0,302,0,0,0,'图案:最上级魔法致命一击提高咒语书',''),(662,152202116,1,500,5,3,0,302,0,0,0,'图案:最上级魔法致命一击提高咒语书',''),(663,152207114,1,500,5,3,0,302,0,0,0,'图案:最上级物理致命一击提高咒语书',''),(664,152202112,1,500,5,3,0,304,0,0,0,'图案:最上级物理致命一击提高咒语书',''),(665,152207113,1,500,5,3,0,303,0,0,0,'图案:高级冲击缓解咒语书',''),(666,152202111,1,500,5,3,0,303,0,0,0,'图案:高级冲击缓解咒语书',''),(667,152206241,1,500,5,3,0,307,0,0,0,'图案:上级疾走之咒语书',''),(668,152201235,1,500,5,3,0,311,0,0,0,'图案:上级疾走之咒语书',''),(669,152206244,1,500,5,3,0,304,0,0,0,'图案:上级狂风之咒语书',''),(670,152201238,1,500,5,3,0,309,0,0,0,'图案:上级狂风之咒语书',''),(671,152206238,1,500,5,3,0,305,0,0,0,'图案:上级勇气之咒语书',''),(672,152201232,1,500,5,3,0,308,0,0,0,'图案:上级勇气之咒语书',''),(673,152201502,1,500,5,3,0,302,0,0,0,'料理法:费雷尔奥德果酱',''),(674,152206507,1,500,5,3,0,301,0,0,0,'料理法:盖诺奥德果酱',''),(675,152010319,500,500,16,0,0,476,0,0,0,'高级精灵石',''),(676,152003003,10,1000,5,4,0,300,0,0,0,'塞尔拜兰',''),(677,152000116,10,1000,5,4,0,344,0,0,0,'灿烂的灵土矿石',''),(678,152000328,10,1000,5,4,0,310,0,0,0,'耀眼的凯帕之光原石',''),(679,152000217,10,1000,5,4,0,392,0,0,0,'灿烂的德雷尼石矿石',''),(680,152000327,10,1000,5,4,0,307,0,0,0,'耀眼的绿松石原石',''),(681,152000326,10,1000,5,4,0,312,0,0,0,'耀眼的红晶石原石',''),(682,152014018,10,150,5,4,0,546,0,0,0,'强韧的龙族之皮',''),(683,152014017,10,150,5,4,0,1007,0,0,0,'强韧的龙族之鳞',''),(684,152014016,10,150,5,4,0,987,0,0,0,'强韧的龙族之角',''),(685,152014020,10,150,5,4,0,403,0,0,0,'有光泽的龙族的肉',''),(686,152014019,10,150,5,4,0,998,0,0,0,'燃烧的龙族的血魂',''),(687,186000097,10,150,5,4,0,4412,0,0,0,'燃烧的龙族的心脏',''),(688,152013019,10,150,5,4,0,362,0,0,0,'愤怒的鼓声',''),(689,152013021,10,150,5,4,0,317,0,0,0,'笼罩着血光的愤怒的鼓声',''),(690,152013023,10,150,5,4,0,300,0,0,0,'暴走的恐怖的鼓声',''),(691,152013025,10,150,5,4,0,340,0,0,0,'欢乐的鼓声',''),(692,152013027,10,150,5,4,0,310,0,0,0,'无法摆脱的欢乐的鼓声',''),(693,152013020,10,150,5,4,0,332,0,0,0,'充满狂热的愤怒的鼓声',''),(694,152013022,10,150,5,4,0,300,0,0,0,'恐怖的鼓声',''),(695,152013024,10,150,5,4,0,303,0,0,0,'狂暴的恐怖的鼓声',''),(696,152013026,10,150,5,4,0,326,0,0,0,'致命的欢乐的鼓声',''),(697,152013001,10,50,5,4,0,300,0,0,0,'愤怒的思念',''),(698,152013007,10,50,5,4,0,300,0,0,0,'恐怖的思念',''),(699,152013013,10,50,5,4,0,300,0,0,0,'欢乐的思念',''),(700,152014001,10,50,5,4,0,300,0,0,0,'厚实的龙族之角',''),(701,152014002,10,50,5,4,0,300,0,0,0,'厚实的龙族之鳞',''),(702,152014003,10,50,5,4,0,300,0,0,0,'厚实的龙族之皮',''),(703,152013004,10,50,5,4,0,300,0,0,0,'发疯的愤怒的思念',''),(704,152013010,10,50,5,4,0,301,0,0,0,'暴走的恐怖的思念',''),(705,152013016,10,50,5,4,0,300,0,0,0,'致命的欢乐的思念',''),(706,152014004,10,50,5,4,0,300,0,0,0,'冰冷的龙族的血魂',''),(707,152013002,10,50,5,4,0,302,0,0,0,'愤怒的意志',''),(708,152013008,10,50,5,4,0,300,0,0,0,'恐怖的意志',''),(709,152013014,10,50,5,4,0,300,0,0,0,'欢乐的意志',''),(710,152014006,10,50,5,4,0,310,0,0,0,'坚硬的龙族之角',''),(711,152014007,10,50,5,4,0,305,0,0,0,'坚硬的龙族之鳞',''),(712,152014008,10,50,5,4,0,300,0,0,0,'坚硬的龙族之皮',''),(713,152013005,10,50,5,4,0,300,0,0,0,'发疯的愤怒的意志',''),(714,152013011,10,50,5,4,0,300,0,0,0,'暴走的恐怖的意志',''),(715,152013017,10,50,5,4,0,301,0,0,0,'致命的欢乐的意志',''),(716,152014009,10,50,5,4,0,300,0,0,0,'温暖的龙族的血魂',''),(717,152013003,10,50,5,4,0,300,0,0,0,'愤怒的自我',''),(718,152013009,10,50,5,4,0,300,0,0,0,'恐怖的自我',''),(719,152013015,10,50,5,4,0,300,0,0,0,'欢乐的自我',''),(720,152014011,10,50,5,4,0,310,0,0,0,'坚固的龙族之角',''),(721,152014012,10,50,5,4,0,300,0,0,0,'坚固的龙族之鳞',''),(722,152014013,10,50,5,4,0,300,0,0,0,'坚固的龙族之皮',''),(723,152013006,10,50,5,4,0,300,0,0,0,'发疯的愤怒的自我',''),(724,152013012,10,50,5,4,0,300,0,0,0,'暴走的恐怖的自我',''),(725,152013018,10,50,5,4,0,300,0,0,0,'致命的欢乐的自我',''),(726,152014014,10,50,5,4,0,300,0,0,0,'沸腾的龙族的血魂',''),(727,186000033,10,50,5,4,0,300,0,0,0,'滚烫的龙族的心脏',''),(728,152011078,1,150,5,4,0,307,0,0,0,'名人之特上级饰品提炼石',''),(729,152011077,1,100,16,0,0,323,0,0,0,'达人之特上级饰品提炼石',''),(730,152011073,1,150,5,4,0,305,0,0,0,'名人之特上级防具提炼石',''),(731,152011072,1,100,16,0,0,300,0,0,0,'达人之特上级防具提炼石',''),(732,152011068,1,150,5,4,0,300,0,0,0,'名人之特上级武器提炼石',''),(733,152011067,1,100,16,0,0,300,0,0,0,'达人之特上级武器提炼石',''),(734,152011064,1,100,16,0,0,300,0,0,0,'名人之特级饰品提炼石',''),(735,152011063,1,100,16,0,0,300,0,0,0,'名人之最高级饰品提炼石',''),(736,152011062,1,100,16,0,0,300,0,0,0,'名人之特级防具提炼石',''),(737,152011061,1,100,16,0,0,300,0,0,0,'名人之最高级防具提炼石',''),(738,152011060,1,100,16,0,0,300,0,0,0,'名人之特级武器提炼石',''),(739,152011059,1,100,16,0,0,300,0,0,0,'名人之最高级武器提炼石',''),(740,152011058,1,100,16,0,0,300,0,0,0,'达人之特级饰品提炼石',''),(741,152011057,1,100,16,0,0,300,0,0,0,'达人之最高级饰品提炼石',''),(742,152011056,1,100,16,0,0,300,0,0,0,'达人之高级饰品提炼石',''),(743,152011055,1,100,16,0,0,300,0,0,0,'达人之最上级饰品提炼石',''),(744,152013029,10,200,5,4,0,326,0,0,0,'充满狂热的愤怒意志',''),(745,152013031,10,200,5,4,0,326,0,0,0,'恐怖意志',''),(746,152013028,10,200,5,4,0,326,0,0,0,'愤怒意志',''),(747,152013036,10,200,5,4,0,326,0,0,0,'无法摆脱的欢乐意志',''),(748,152013032,10,200,5,4,0,326,0,0,0,'暴走的恐怖意志',''),(749,152013034,10,200,5,4,0,326,0,0,0,'欢乐意志',''),(750,152013033,10,200,5,4,0,326,0,0,0,'狂暴的恐怖意志',''),(751,152013030,10,200,5,4,0,326,0,0,0,'笼罩着血光的愤怒意志',''),(752,152013035,10,200,5,4,0,326,0,0,0,'致命的欢乐意志',''),(753,152014017,10,200,5,4,0,326,0,0,0,'强韧的龙族之鳞',''),(754,152014018,10,200,5,4,0,326,0,0,0,'强韧的龙族之皮',''),(755,152014019,10,200,5,4,0,326,0,0,0,'燃烧的龙族的血魂',''),(756,152020181,1,300,5,4,0,394,0,0,0,'红色的鸡血石结晶',''),(757,152029182,1,300,5,4,0,804,0,0,0,'红色的鸡血石结晶',''),(758,152020192,1,300,5,4,0,300,0,0,0,'青色的鸡血石结晶',''),(759,152029193,1,300,5,4,0,412,0,0,0,'青色的鸡血石结晶',''),(760,152020193,1,300,5,4,0,443,0,0,0,'白色的鸡血石结晶',''),(761,152029194,1,300,5,4,0,442,0,0,0,'白色的鸡血石结晶',''),(762,165005032,1,350,5,4,0,442,0,0,0,'宾塔奇欧比斯冶炼锤-武器',''),(763,165005033,1,350,5,4,0,442,0,0,0,'宾塔奇欧比斯冶炼锤-防具',''),(764,165005072,1,500,5,4,0,442,0,0,0,'发光的宾塔奇欧比斯冶炼锤-武器',''),(765,165005073,1,500,5,4,0,442,0,0,0,'发光的宾塔奇欧比斯冶炼锤-防具',''),(766,165005077,1,650,5,4,0,442,0,0,0,'强化宾塔奇欧比斯冶炼锤-武器',''),(767,165005078,1,650,5,4,0,442,0,0,0,'强化宾塔奇欧比斯冶炼锤-防具',''),(768,186000132,100,150,5,5,0,442,0,0,0,'制作团体铸钱',''),(769,186000133,100,150,5,5,0,442,0,0,0,'制作团体铸钱',''),(770,186000122,100,150,5,5,0,442,0,0,0,'黑暗术古铸钱',''),(771,186000123,100,150,5,5,0,442,0,0,0,'黑暗术古铸钱',''),(772,171010041,1,100,5,6,0,442,0,0,0,'高级住宅的高傲单身外墙',''),(773,171010039,1,100,5,6,0,442,0,0,0,'高级住宅的甜蜜巧克力外墙',''),(774,171010040,1,100,5,6,0,442,0,0,0,'高级住宅的幸福糖果外墙',''),(775,171010042,1,100,5,6,0,442,0,0,0,'高级住宅的干练单身外墙',''),(776,171010044,1,100,5,6,0,7,0,0,0,'上级住宅的幸福糖果外墙',''),(777,171010040,1,100,5,6,0,7,0,0,0,'高级住宅的幸福糖果外墙',''),(778,171010048,1,100,5,6,0,7,0,0,0,'独栋住宅的幸福糖果外墙',''),(779,169621019,1,100,6,3,0,442,0,0,0,'深奥的神圣符咒',''),(780,169621022,1,100,6,3,0,442,0,0,0,'金色结界符咒',''),(781,169610112,1,200,6,4,0,442,0,0,0,'[称号]打倒泰格拉克的',''),(782,169610312,1,200,6,4,0,442,0,0,0,'[称号]打倒赫拉纳斯的',''),(783,169610052,1,400,6,4,0,442,0,0,0,'[称号]闪耀大师-30天使用权',''),(784,169610057,1,400,6,4,0,442,0,0,0,'[称号卡]亚特雷亚的归还者-30天使用券',''),(785,169610056,1,400,6,4,0,442,0,0,0,'[称号卡]亚特雷亚的新人-30天使用券',''),(786,169610060,1,400,6,4,0,442,0,0,0,'[称号卡]亚特雷亚的追击者-30天使用券',''),(787,169610030,1,500,6,4,0,442,0,0,0,'[称号卡]发光的知识人',''),(788,169610031,1,500,6,4,0,442,0,0,0,'[称号卡]永恒之塔贤者',''),(789,169610034,1,400,6,4,0,442,0,0,0,'[称号卡]长腿大叔-30天使用券',''),(790,169610081,1,400,6,4,0,442,0,0,0,'[称号卡片]传达幸运信的-30天使用权',''),(791,169610023,1,400,6,4,0,442,0,0,0,'[称号卡片]作秀的-30天使用权',''),(792,169610054,1,200,6,4,0,442,0,0,0,'[称号卡片]健美王-15天使用权',''),(793,169610090,1,300,6,4,0,442,0,0,0,'[称号卡片]和提亚马特抗衡的-15天使用',''),(794,169610076,1,200,6,4,0,442,0,0,0,'[称号卡片]四面楚歌的守护者-1天使用券',''),(795,169610055,1,200,6,4,0,442,0,0,0,'[称号卡片]大海一样的-15天使用券',''),(796,169610033,1,400,6,4,0,442,0,0,0,'[称号卡片]太极勇士-30天使用券',''),(797,169610079,1,200,6,4,0,442,0,0,0,'[称号卡片]孤立无援的守护者-1天使用券',''),(798,169610072,1,200,6,4,0,442,0,0,0,'[称号卡片]学生会长-7天使用券',''),(799,169610084,1,200,6,4,0,442,0,0,0,'[称号卡片]正在过生日的-7天使用券',''),(800,169610000,1,500,6,4,0,442,0,0,0,'[称号卡片]永恒之塔开拓者',''),(801,169610032,1,500,6,4,0,442,0,0,0,'[称号卡片]豪气干云的',''),(802,169610083,1,200,6,4,0,442,0,0,0,'[称号卡片]超光速守护者-1天使用券',''),(803,169610074,1,300,6,4,0,442,0,0,0,'[称号卡片]超音速守护者-7天使用券',''),(804,169610085,1,400,6,4,0,442,0,0,0,'[称号卡片]酒仙-30天券',''),(805,169610071,1,300,6,4,0,442,0,0,0,'[称号卡片]风流的守护者-7天使用券',''),(806,169630001,1,1000,6,5,0,574,0,0,0,'[活动]箱子扩展券',''),(807,169640001,1,1000,6,5,0,78,0,0,0,'[活动]仓库扩展券',''),(808,188800004,1,1000,6,5,0,78,0,0,0,'住宅设置数量增加-5个',''),(809,188800005,1,2000,6,5,0,78,0,0,0,'住宅设置数量增加-10个',''),(810,169650001,1,5000,6,6,0,27,0,0,0,'[活动]外貌变更券',''),(811,169670001,1,5000,6,6,0,75,0,0,0,'[活动]角色名变更券',''),(812,169680000,1,5000,6,6,0,75,0,0,0,'军团名称变更券',''),(813,169660000,1,5000,6,6,0,75,0,0,0,'性别变更券',''),(814,169800157,1,100,6,6,0,75,0,0,0,'[发型变更券]Nobody发型',''),(815,169800154,1,100,6,6,0,75,0,0,0,'[发型变更券]Tell Me发型',''),(816,169800151,1,100,6,6,0,75,0,0,0,'[发型变更券]先艺发型',''),(817,169800169,1,100,6,6,0,75,0,0,0,'[发型变更券]可爱包子发型',''),(818,169800156,1,100,6,6,0,75,0,0,0,'[发型变更券]惠林发型',''),(819,169800152,1,100,6,6,0,75,0,0,0,'[发型变更券]昭熙发型',''),(820,169800170,1,100,6,6,0,75,0,0,0,'[发型变更券]热辣波波头发型',''),(821,169800046,1,100,6,6,0,75,0,0,0,'[发型变更券]珍英发型',''),(822,169800153,1,100,6,6,0,75,0,0,0,'[发型变更券]瑜斌发型',''),(823,169800052,1,100,6,6,0,75,0,0,0,'[发型变更券]莫希干发型',''),(824,169800155,1,100,6,6,0,75,0,0,0,'[发型变更券]誉恩发型',''),(825,169800155,1,100,6,6,0,75,0,0,0,'[发型变更券]誉恩发型',''),(826,169661000,1,5000,6,6,0,75,0,0,0,'豪华住宅外观变更券',''),(827,169661004,1,5000,6,6,0,75,0,0,0,'豪华住宅外观变更券',''),(828,169661001,1,5000,6,6,0,75,0,0,0,'高级住宅外观变更券',''),(829,169661005,1,5000,6,6,0,75,0,0,0,'高级住宅外观变更券',''),(830,188500001,1,500,6,7,0,16,0,0,0,'[动作卡片]刺客套装',''),(831,188500002,1,500,6,7,0,10,0,0,0,'[动作卡片]空中漂浮套装',''),(832,188500002,1,500,6,7,0,10,0,0,0,'[动作卡片]新式商店招牌',''),(833,101700598,1,500,7,3,0,1,0,0,0,'特里罗安之长弓',''),(834,101500570,1,500,7,3,0,2,0,0,0,'特里罗安之杖',''),(835,101300542,1,500,7,3,0,2,0,0,0,'特里罗安之枪',''),(836,100900570,1,500,7,3,0,1,0,0,0,'特里罗安之双手剑',''),(837,100600689,1,500,7,3,0,2,0,0,0,'特里罗安之法书',''),(838,100600613,1,500,7,3,0,1,0,0,0,'特里罗安之魔法书',''),(839,100500632,1,500,7,3,0,0,0,0,0,'特里罗安之宝珠',''),(840,100500576,1,500,7,3,0,2,0,0,0,'特里罗安之宝玉',''),(841,100200677,1,500,7,3,0,0,0,0,0,'特里罗安之短刀',''),(842,100100572,1,500,7,3,0,0,0,0,0,'特里罗安之战斗锤',''),(843,100000727,1,500,7,3,0,0,0,0,0,'特里罗安之剑',''),(844,101300382,1,500,7,3,0,2,0,0,0,'黑色地狱之枪',''),(845,100000728,1,500,7,3,0,0,0,0,0,'兰马尔克之剑',''),(846,100100573,1,500,7,3,0,0,0,0,0,'兰马尔克之战斗锤',''),(847,100200678,1,500,7,3,0,0,0,0,0,'兰马尔克之短刀',''),(848,100900571,1,500,7,3,0,1,0,0,0,'兰马尔克之双手剑',''),(849,101300543,1,500,7,3,0,0,0,0,0,'兰马尔克之枪',''),(850,101500571,1,500,7,3,0,0,0,0,0,'兰马尔克之杖',''),(851,100100521,1,500,7,3,0,6,0,0,0,'龙神将之战斗锤',''),(852,100000941,1,1000,7,3,0,2,0,0,0,'幻影之莱斯·特里格斯之长剑',''),(853,100200841,1,1000,7,3,0,3,0,0,0,'幻影之莱斯·特里格斯之短剑',''),(854,101300688,1,1000,7,3,0,22,0,0,0,'幻影之莱斯·特里格斯之之战戟',''),(855,100100713,1,1000,7,3,0,1,0,0,0,'幻影之莱斯·特里格斯之战棍',''),(856,100900718,1,1000,7,3,0,11,0,0,0,'幻影之莱斯·特里格斯之大剑',''),(857,101500733,1,1000,7,3,0,3,0,0,0,'幻影之莱斯·特里格斯之之法杖',''),(858,100000930,1,5000,7,4,0,3,0,0,0,'守卫军团长之剑',''),(859,100900707,1,5000,7,4,0,3,0,0,0,'守卫军团长之双手剑',''),(860,100500721,1,5000,7,4,0,3,0,0,0,'守卫军团长之宝玉',''),(861,100100700,1,5000,7,4,0,3,0,0,0,'守卫军团长之战斗锤',''),(862,101500722,1,5000,7,4,0,3,0,0,0,'守卫军团长之杖',''),(863,101300677,1,5000,7,4,0,3,0,0,0,'守卫军团长之枪',''),(864,101700745,1,5000,7,4,0,3,0,0,0,'守卫军团长之长弓',''),(865,100600778,1,5000,7,4,0,3,0,0,0,'守卫军团长之魔法书',''),(866,125002338,1,5000,7,4,0,3,0,0,0,'守卫军团长之皮帽',''),(867,110301044,1,5000,7,4,0,3,0,0,0,'守卫军团长之皮革坎肩',''),(868,111301000,1,5000,7,4,0,3,0,0,0,'守卫军团长之皮革手套',''),(869,112300949,1,5000,7,4,0,3,0,0,0,'守卫军团长之皮革护肩',''),(870,113301020,1,5000,7,4,0,3,0,0,0,'守卫军团长之皮革护腿',''),(871,123001060,1,5000,7,4,0,3,0,0,0,'守卫军团长之皮革腰带',''),(872,114301056,1,5000,7,4,0,3,0,0,0,'守卫军团长之皮靴',''),(873,115000994,1,5000,7,4,0,3,0,0,0,'守卫军团长之盾',''),(874,100200830,1,5000,7,4,0,3,0,0,0,'守卫军团长之短刀',''),(875,122001198,1,5000,7,4,0,3,0,0,0,'守卫军团长之红晶石戒指',''),(876,120001061,1,5000,7,4,0,3,0,0,0,'守卫军团长之红晶石耳环',''),(877,121000971,1,5000,7,4,0,3,0,0,0,'守卫军团长之红晶石项链',''),(878,122001199,1,5000,7,4,0,3,0,0,0,'守卫军团长之绿松石戒指',''),(879,120001062,1,5000,7,4,0,3,0,0,0,'守卫军团长之绿松石耳环',''),(880,121000972,1,5000,7,4,0,3,0,0,0,'守卫军团长之绿松石项链',''),(881,125002340,1,5000,7,4,0,3,0,0,0,'守卫军团长之金属头盔',''),(882,111600978,1,5000,7,4,0,3,0,0,0,'守卫军团长之金属手套',''),(883,113600961,1,5000,7,4,0,3,0,0,0,'守卫军团长之金属护腿',''),(884,112600951,1,5000,7,4,0,3,0,0,0,'守卫军团长之金属肩甲',''),(885,110600992,1,5000,7,4,0,3,0,0,0,'守卫军团长之金属胸甲',''),(886,114600958,1,5000,7,4,0,3,0,0,0,'守卫军团长之金属长靴',''),(887,125002339,1,5000,7,4,0,3,0,0,0,'守卫军团长之锁链头盔',''),(888,111500987,1,5000,7,4,0,3,0,0,0,'守卫军团长之锁链手套',''),(889,110501012,1,5000,7,4,0,3,0,0,0,'守卫军团长之锁链盔甲',''),(890,112500936,1,5000,7,4,0,3,0,0,0,'守卫军团长之锁链肩甲',''),(891,113500990,1,5000,7,4,0,3,0,0,0,'守卫军团长之锁链腿甲',''),(892,114500999,1,5000,7,4,0,3,0,0,0,'守卫军团长之锁链长靴',''),(893,110101095,1,5000,7,4,0,3,0,0,0,'守卫军团长之长袍上衣',''),(894,113101007,1,5000,7,4,0,3,0,0,0,'守卫军团长之长袍下衣',''),(895,125002337,1,5000,7,4,0,3,0,0,0,'守卫军团长之长袍头巾',''),(896,111100995,1,5000,7,4,0,3,0,0,0,'守卫军团长之长袍手套',''),(897,112100951,1,5000,7,4,0,3,0,0,0,'守卫军团长之长袍护肩',''),(898,123001061,1,5000,7,4,0,3,0,0,0,'守卫军团长之长袍腰带',''),(899,114101036,1,5000,7,4,0,3,0,0,0,'守卫军团长之长袍鞋子',''),(900,100000934,1,5000,7,4,0,3,0,0,0,'执政官军团长之剑',''),(901,100900711,1,5000,7,4,0,3,0,0,0,'执政官军团长之双手剑',''),(902,100500725,1,5000,7,4,0,3,0,0,0,'执政官军团长之宝玉',''),(903,100100704,1,5000,7,4,0,3,0,0,0,'执政官军团长之战斗锤',''),(904,101500726,1,5000,7,4,0,3,0,0,0,'执政官军团长之杖',''),(905,101300681,1,5000,7,4,0,3,0,0,0,'执政官军团长之枪',''),(906,125002354,1,5000,7,4,0,3,0,0,0,'执政官军团长之皮帽',''),(907,110301048,1,5000,7,4,0,3,0,0,0,'执政官军团长之皮革坎肩',''),(908,111301004,1,5000,7,4,0,3,0,0,0,'执政官军团长之皮革手套',''),(909,112300953,1,5000,7,4,0,3,0,0,0,'执政官军团长之皮革护肩',''),(910,113301024,1,5000,7,4,0,3,0,0,0,'执政官军团长之皮革护腿',''),(911,123001068,1,5000,7,4,0,3,0,0,0,'执政官军团长之皮革腰带',''),(912,114301060,1,5000,7,4,0,3,0,0,0,'执政官军团长之皮靴',''),(913,115000998,1,5000,7,4,0,3,0,0,0,'执政官军团长之盾',''),(914,100200834,1,5000,7,4,0,3,0,0,0,'执政官军团长之短刀',''),(915,101700749,1,5000,7,4,0,3,0,0,0,'执政官军团长之长弓',''),(916,100600782,1,5000,7,4,0,3,0,0,0,'执政官军团长之魔法书',''),(917,122001206,1,5000,7,4,0,3,0,0,0,'执政官军团长之红晶石戒指',''),(918,120001069,1,5000,7,4,0,3,0,0,0,'执政官军团长之红晶石耳环',''),(919,121000979,1,5000,7,4,0,3,0,0,0,'执政官军团长之红晶石项链',''),(920,122001207,1,5000,7,4,0,3,0,0,0,'执政官军团长之绿松石戒指',''),(921,120001070,1,5000,7,4,0,3,0,0,0,'执政官军团长之绿松石耳环',''),(922,121000980,1,5000,7,4,0,3,0,0,0,'执政官军团长之绿松石项链',''),(923,125002356,1,5000,7,4,0,3,0,0,0,'执政官军团长之金属头盔',''),(924,111600982,1,5000,7,4,0,3,0,0,0,'执政官军团长之金属手套',''),(925,113600965,1,5000,7,4,0,3,0,0,0,'执政官军团长之金属护腿',''),(926,112600955,1,5000,7,4,0,3,0,0,0,'执政官军团长之金属肩甲',''),(927,110600996,1,5000,7,4,0,3,0,0,0,'执政官军团长之金属胸甲',''),(928,114600962,1,5000,7,4,0,3,0,0,0,'执政官军团长之金属长靴',''),(929,125002355,1,5000,7,4,0,3,0,0,0,'执政官军团长之锁链头盔',''),(930,111500991,1,5000,7,4,0,3,0,0,0,'执政官军团长之锁链手套',''),(931,110501016,1,5000,7,4,0,3,0,0,0,'执政官军团长之锁链盔甲',''),(932,112500940,1,5000,7,4,0,3,0,0,0,'执政官军团长之锁链肩甲',''),(933,113500994,1,5000,7,4,0,3,0,0,0,'执政官军团长之锁链腿甲',''),(934,114501003,1,5000,7,4,0,3,0,0,0,'执政官军团长之锁链长靴',''),(935,110101099,1,5000,7,4,0,3,0,0,0,'执政官军团长之长袍上衣',''),(936,113101011,1,5000,7,4,0,3,0,0,0,'执政官军团长之长袍下衣',''),(937,125002353,1,5000,7,4,0,3,0,0,0,'执政官军团长之长袍头巾',''),(938,111100999,1,5000,7,4,0,3,0,0,0,'执政官军团长之长袍手套',''),(939,112100955,1,5000,7,4,0,3,0,0,0,'执政官军团长之长袍护肩',''),(940,123001069,1,5000,7,4,0,3,0,0,0,'执政官军团长之长袍腰带',''),(941,114101040,1,5000,7,4,0,3,0,0,0,'执政官军团长之长袍鞋子',''),(942,100001337,1,10000,7,5,0,3,0,0,0,'守卫亲卫队长之圣剑',''),(943,101501048,1,10000,7,5,0,3,0,0,0,'守卫亲卫队长之圣杖',''),(944,100901026,1,10000,7,5,0,3,0,0,0,'守卫亲卫队长之神圣双手剑',''),(945,100501033,1,10000,7,5,0,3,0,0,0,'守卫亲卫队长之神圣宝玉',''),(946,100101020,1,10000,7,5,0,3,0,0,0,'守卫亲卫队长之神圣战斗锤',''),(947,101300976,1,10000,7,5,0,3,0,0,0,'守卫亲卫队长之神圣枪',''),(948,115001379,1,10000,7,5,0,3,0,0,0,'守卫亲卫队长之神圣盾牌',''),(949,100201182,1,10000,7,5,0,3,0,0,0,'守卫亲卫队长之神圣短刀',''),(950,101701058,1,10000,7,5,0,3,0,0,0,'守卫亲卫队长之神圣长弓',''),(951,100601086,1,10000,7,5,0,3,0,0,0,'守卫亲卫队长之神圣魔法书',''),(952,110301338,1,10000,7,5,0,3,0,0,0,'守卫亲卫队长之神圣皮革坎肩',''),(953,111301283,1,10000,7,5,0,3,0,0,0,'守卫亲卫队长之神圣皮革手套',''),(954,112301227,1,10000,7,5,0,3,0,0,0,'守卫亲卫队长之神圣皮革护肩',''),(955,113301307,1,10000,7,5,0,3,0,0,0,'守卫亲卫队长之神圣皮革护腿',''),(956,114301340,1,10000,7,5,0,3,0,0,0,'守卫亲卫队长之神圣皮靴',''),(957,111601258,1,10000,7,5,0,3,0,0,0,'守卫亲卫队长之神圣金属手套',''),(958,113601247,1,10000,7,5,0,3,0,0,0,'守卫亲卫队长之神圣金属护腿',''),(959,112601238,1,10000,7,5,0,3,0,0,0,'守卫亲卫队长之神圣金属肩甲',''),(960,110601293,1,10000,7,5,0,3,0,0,0,'守卫亲卫队长之神圣金属胸甲',''),(961,114601242,1,10000,7,5,0,3,0,0,0,'守卫亲卫队长之神圣金属长靴',''),(962,111501277,1,10000,7,5,0,3,0,0,0,'守卫亲卫队长之神圣锁链手套',''),(963,110501316,1,10000,7,5,0,3,0,0,0,'守卫亲卫队长之神圣锁链盔甲',''),(964,112501220,1,10000,7,5,0,3,0,0,0,'守卫亲卫队长之神圣锁链肩甲',''),(965,113501292,1,10000,7,5,0,3,0,0,0,'守卫亲卫队长之神圣锁链腿甲',''),(966,114501298,1,10000,7,5,0,3,0,0,0,'守卫亲卫队长之神圣锁链长靴',''),(967,110101411,1,10000,7,5,0,3,0,0,0,'守卫亲卫队长之神圣长袍上衣',''),(968,113101305,1,10000,7,5,0,3,0,0,0,'守卫亲卫队长之神圣长袍下衣',''),(969,111101288,1,10000,7,5,0,3,0,0,0,'守卫亲卫队长之神圣长袍手套',''),(970,112101243,1,10000,7,5,0,3,0,0,0,'守卫亲卫队长之神圣长袍护肩',''),(971,114101334,1,10000,7,5,0,3,0,0,0,'守卫亲卫队长之神圣长袍鞋子',''),(972,122001384,1,10000,7,5,0,3,0,0,0,'守卫亲卫队长之红晶石戒指',''),(973,120001225,1,10000,7,5,0,3,0,0,0,'守卫亲卫队长之红晶石耳环',''),(974,121001143,1,10000,7,5,0,3,0,0,0,'守卫亲卫队长之红晶石项链',''),(975,122001385,1,10000,7,5,0,3,0,0,0,'守卫亲卫队长之绿松石戒指',''),(976,120001226,1,10000,7,5,0,3,0,0,0,'守卫亲卫队长之绿松石耳环',''),(977,121001144,1,10000,7,5,0,3,0,0,0,'守卫亲卫队长之绿松石项链',''),(978,125002867,1,10000,7,5,0,3,0,0,0,'守卫亲卫队长之金属头盔',''),(979,125002866,1,10000,7,5,0,3,0,0,0,'守卫亲卫队长之锁链头盔',''),(980,125002864,1,10000,7,5,0,3,0,0,0,'守卫亲卫队长之长袍头巾',''),(981,125002865,1,10000,7,5,0,3,0,0,0,'守卫亲卫队长之皮帽',''),(982,123001197,1,10000,7,5,0,3,0,0,0,'守卫亲卫队长之皮革腰带',''),(983,123001198,1,10000,7,5,0,3,0,0,0,'守卫亲卫队长之长袍腰带',''),(984,100001339,1,10000,7,5,0,3,0,0,0,'执政官亲卫队长之圣剑',''),(985,101501050,1,10000,7,5,0,3,0,0,0,'执政官亲卫队长之圣杖',''),(986,100901028,1,10000,7,5,0,3,0,0,0,'执政官亲卫队长之神圣双手剑',''),(987,100501035,1,10000,7,5,0,3,0,0,0,'执政官亲卫队长之神圣宝玉',''),(988,100101022,1,10000,7,5,0,3,0,0,0,'执政官亲卫队长之神圣战斗锤',''),(989,101300978,1,10000,7,5,0,3,0,0,0,'执政官亲卫队长之神圣枪',''),(990,115001381,1,10000,7,5,0,3,0,0,0,'执政官亲卫队长之神圣盾牌',''),(991,100201184,1,10000,7,5,0,3,0,0,0,'执政官亲卫队长之神圣短刀',''),(992,101701060,1,10000,7,5,0,3,0,0,0,'执政官亲卫队长之神圣长弓',''),(993,100601088,1,10000,7,5,0,3,0,0,0,'执政官亲卫队长之神圣魔法书',''),(994,110301340,1,10000,7,5,0,3,0,0,0,'执政官亲卫队长之神圣皮革坎肩',''),(995,111301285,1,10000,7,5,0,3,0,0,0,'执政官亲卫队长之神圣皮革手套',''),(996,112301229,1,10000,7,5,0,3,0,0,0,'执政官亲卫队长之神圣皮革护肩',''),(997,113301309,1,10000,7,5,0,3,0,0,0,'执政官亲卫队长之神圣皮革护腿',''),(998,114301342,1,10000,7,5,0,3,0,0,0,'执政官亲卫队长之神圣皮靴',''),(999,114301342,1,10000,7,5,0,3,0,0,0,'执政官亲卫队长之神圣皮靴',''),(1000,111601260,1,10000,7,5,0,3,0,0,0,'执政官亲卫队长之神圣金属手套',''),(1001,113601249,1,10000,7,5,0,3,0,0,0,'执政官亲卫队长之神圣金属护腿',''),(1002,112601240,1,10000,7,5,0,3,0,0,0,'执政官亲卫队长之神圣金属肩甲',''),(1003,110601295,1,10000,7,5,0,3,0,0,0,'执政官亲卫队长之神圣金属胸甲',''),(1004,114601244,1,10000,7,5,0,3,0,0,0,'执政官亲卫队长之神圣金属长靴',''),(1005,111501279,1,10000,7,5,0,3,0,0,0,'执政官亲卫队长之神圣锁链手套',''),(1006,110501318,1,10000,7,5,0,3,0,0,0,'执政官亲卫队长之神圣锁链盔甲',''),(1007,112501222,1,10000,7,5,0,3,0,0,0,'执政官亲卫队长之神圣锁链肩甲',''),(1008,113501294,1,10000,7,5,0,3,0,0,0,'执政官亲卫队长之神圣锁链腿甲',''),(1009,114501300,1,10000,7,5,0,3,0,0,0,'执政官亲卫队长之神圣锁链长靴',''),(1010,110101413,1,10000,7,5,0,3,0,0,0,'执政官亲卫队长之神圣长袍上衣',''),(1011,113101307,1,10000,7,5,0,3,0,0,0,'执政官亲卫队长之神圣长袍下衣',''),(1012,111101290,1,10000,7,5,0,3,0,0,0,'执政官亲卫队长之神圣长袍手套',''),(1013,112101245,1,10000,7,5,0,3,0,0,0,'执政官亲卫队长之神圣长袍护肩',''),(1014,114101336,1,10000,7,5,0,3,0,0,0,'执政官亲卫队长之神圣长袍鞋子',''),(1015,122001392,1,10000,7,5,0,3,0,0,0,'执政官亲卫队长之红晶石戒指',''),(1016,120001233,1,10000,7,5,0,3,0,0,0,'执政官亲卫队长之红晶石耳环',''),(1017,121001151,1,10000,7,5,0,3,0,0,0,'执政官亲卫队长之红晶石项链',''),(1018,122001393,1,10000,7,5,0,3,0,0,0,'执政官亲卫队长之绿松石戒指',''),(1019,120001234,1,10000,7,5,0,3,0,0,0,'执政官亲卫队长之绿松石耳环',''),(1020,121001152,1,10000,7,5,0,3,0,0,0,'执政官亲卫队长之绿松石项链',''),(1021,125002883,1,10000,7,5,0,3,0,0,0,'执政官亲卫队长之金属头盔',''),(1022,125002882,1,10000,7,5,0,3,0,0,0,'执政官亲卫队长之锁链头盔',''),(1023,125002880,1,10000,7,5,0,3,0,0,0,'执政官亲卫队长之长袍头巾',''),(1024,125002881,1,10000,7,5,0,3,0,0,0,'执政官亲卫队长之皮帽',''),(1025,123001205,1,10000,7,5,0,3,0,0,0,'执政官亲卫队长之皮革腰带',''),(1026,100001360,1,9000,7,6,0,3,0,0,0,'提亚马特亲卫队之剑',''),(1027,100901081,1,9000,7,6,0,3,0,0,0,'提亚马特亲卫队之双手剑',''),(1028,100501050,1,9000,7,6,0,3,0,0,0,'提亚马特亲卫队之宝玉',''),(1029,100101038,1,9000,7,6,0,3,0,0,0,'提亚马特亲卫队之战斗锤',''),(1030,101501070,1,9000,7,6,0,3,0,0,0,'提亚马特亲卫队之杖',''),(1031,101301018,1,9000,7,6,0,3,0,0,0,'提亚马特亲卫队之枪',''),(1032,100201207,1,9000,7,6,0,3,0,0,0,'提亚马特亲卫队之短刀',''),(1033,101701111,1,9000,7,6,0,3,0,0,0,'提亚马特亲卫队之长弓',''),(1034,100601106,1,9000,7,6,0,3,0,0,0,'提亚马特亲卫队之魔法书',''),(1035,110301369,1,9000,7,6,0,3,0,0,0,'提亚马特亲卫队之皮革坎肩',''),(1036,111301312,1,9000,7,6,0,3,0,0,0,'提亚马特亲卫队之皮革手套',''),(1037,112301255,1,9000,7,6,0,3,0,0,0,'提亚马特亲卫队之皮革护肩',''),(1038,113301336,1,9000,7,6,0,3,0,0,0,'提亚马特亲卫队之皮革护腿',''),(1039,114301369,1,9000,7,6,0,3,0,0,0,'提亚马特亲卫队之皮鞋',''),(1040,111601282,1,9000,7,6,0,3,0,0,0,'提亚马特亲卫队之金属手套',''),(1041,113601271,1,9000,7,6,0,3,0,0,0,'提亚马特亲卫队之金属护腿',''),(1042,112601262,1,9000,7,6,0,3,0,0,0,'提亚马特亲卫队之金属肩甲',''),(1043,110601317,1,9000,7,6,0,3,0,0,0,'提亚马特亲卫队之金属胸甲',''),(1044,114601266,1,9000,7,6,0,3,0,0,0,'提亚马特亲卫队之金属长靴',''),(1045,111501304,1,9000,7,6,0,3,0,0,0,'提亚马特亲卫队之锁链手套',''),(1046,110501344,1,9000,7,6,0,3,0,0,0,'提亚马特亲卫队之锁链盔甲',''),(1047,112501244,1,9000,7,6,0,3,0,0,0,'提亚马特亲卫队之锁链肩甲',''),(1048,113501319,1,9000,7,6,0,3,0,0,0,'提亚马特亲卫队之锁链腿甲',''),(1049,114501325,1,9000,7,6,0,3,0,0,0,'提亚马特亲卫队之锁链长靴',''),(1050,110101459,1,9000,7,6,0,3,0,0,0,'提亚马特亲卫队之长袍上衣',''),(1051,113101334,1,9000,7,6,0,3,0,0,0,'提亚马特亲卫队之长袍下衣',''),(1052,111101317,1,9000,7,6,0,3,0,0,0,'提亚马特亲卫队之长袍手套',''),(1053,112101274,1,9000,7,6,0,3,0,0,0,'提亚马特亲卫队之长袍护肩',''),(1054,114101363,1,9000,7,6,0,3,0,0,0,'提亚马特亲卫队之长袍鞋子',''),(1055,187000037,1,1000,7,7,0,7,0,0,0,'幸运之翼',''),(1056,187000038,1,1000,7,7,0,7,0,0,0,'幸运之翼',''),(1057,187000026,1,500,7,7,0,7,0,0,0,'发光的司令部长之翼',''),(1058,187000018,1,200,7,7,0,7,0,0,0,'暴风之翼',''),(1059,187000070,1,3000,7,7,0,7,0,0,0,'发光的佩尔农之翼',''),(1060,187000065,1,3000,7,7,0,7,0,0,0,'发光的埃利安之翼',''),(1061,187000057,1,5000,7,7,0,7,0,0,0,'卡伦之翼',''),(1062,187000058,1,6000,7,7,0,7,0,0,0,'古代精灵之翼',''),(1063,187000090,1,8000,7,7,0,7,0,0,0,'第5龙帝之翼',''),(1064,100001411,1,15000,8,3,0,7,0,0,0,'荣耀守卫征服者之剑',''),(1065,100901104,1,15000,8,3,0,7,0,0,0,'荣耀守卫征服者之双手剑',''),(1066,100501096,1,15000,8,3,0,7,0,0,0,'荣耀守卫征服者之宝玉',''),(1067,101501122,1,15000,8,3,0,7,0,0,0,'荣耀守卫征服者之杖',''),(1068,101301041,1,15000,8,3,0,7,0,0,0,'荣耀守卫征服者之枪',''),(1069,101701133,1,15000,8,3,0,7,0,0,0,'荣耀守卫征服者之长弓',''),(1070,115001461,1,15000,8,3,0,7,0,0,0,'荣耀守卫征服者之盾',''),(1071,100201250,1,15000,8,3,0,7,0,0,0,'荣耀守卫征服者之短刀',''),(1072,100601152,1,15000,8,3,0,7,0,0,0,'荣耀守卫征服者之魔法书',''),(1073,125003618,1,15000,8,3,0,7,0,0,0,'荣耀守卫征服者之皮帽',''),(1074,110301392,1,15000,8,3,0,7,0,0,0,'荣耀守卫征服者之皮革坎肩',''),(1075,111301333,1,15000,8,3,0,7,0,0,0,'荣耀守卫征服者之皮革手套',''),(1076,112301276,1,15000,8,3,0,7,0,0,0,'荣耀守卫征服者之皮革护肩',''),(1077,113301357,1,15000,8,3,0,7,0,0,0,'荣耀守卫征服者之皮革护腿',''),(1078,114301392,1,15000,8,3,0,7,0,0,0,'荣耀守卫征服者之皮靴',''),(1079,125003620,1,15000,8,3,0,7,0,0,0,'荣耀守卫征服者之金属头盔',''),(1080,111601304,1,15000,8,3,0,7,0,0,0,'荣耀守卫征服者之金属手套',''),(1081,113601293,1,15000,8,3,0,7,0,0,0,'荣耀守卫征服者之金属护腿',''),(1082,112601284,1,15000,8,3,0,7,0,0,0,'荣耀守卫征服者之金属肩甲',''),(1083,110601341,1,15000,8,3,0,7,0,0,0,'荣耀守卫征服者之金属胸甲',''),(1084,114601290,1,15000,8,3,0,7,0,0,0,'荣耀守卫征服者之金属长靴',''),(1085,125003619,1,15000,8,3,0,7,0,0,0,'荣耀守卫征服者之锁链头盔',''),(1086,111501325,1,15000,8,3,0,7,0,0,0,'荣耀守卫征服者之锁链手套',''),(1087,110501367,1,15000,8,3,0,7,0,0,0,'荣耀守卫征服者之锁链盔甲',''),(1088,112501265,1,15000,8,3,0,7,0,0,0,'荣耀守卫征服者之锁链肩甲',''),(1089,113501340,1,15000,8,3,0,7,0,0,0,'荣耀守卫征服者之锁链腿甲',''),(1090,114501348,1,15000,8,3,0,7,0,0,0,'荣耀守卫征服者之锁链长靴',''),(1091,110101484,1,15000,8,3,0,7,0,0,0,'荣耀守卫征服者之长袍上衣',''),(1092,113101355,1,15000,8,3,0,7,0,0,0,'荣耀守卫征服者之长袍下衣',''),(1093,125003617,1,15000,8,3,0,7,0,0,0,'荣耀守卫征服者之长袍头巾',''),(1094,111101338,1,15000,8,3,0,7,0,0,0,'荣耀守卫征服者之长袍手套',''),(1095,112101295,1,15000,8,3,0,7,0,0,0,'荣耀守卫征服者之长袍护肩',''),(1096,114101386,1,15000,8,3,0,7,0,0,0,'荣耀守卫征服者之长袍鞋子',''),(1097,122001595,1,15000,8,3,0,7,0,0,0,'荣耀守卫征服者之红晶石戒指',''),(1098,120001452,1,15000,8,3,0,7,0,0,0,'荣耀守卫征服者之红晶石耳环',''),(1099,121001326,1,15000,8,3,0,7,0,0,0,'荣耀守卫征服者之红晶石项链',''),(1100,122001596,1,15000,8,3,0,7,0,0,0,'荣耀守卫征服者之绿松石戒指',''),(1101,120001453,1,15000,8,3,0,7,0,0,0,'荣耀守卫征服者之绿松石耳环',''),(1102,121001327,1,15000,8,3,0,7,0,0,0,'荣耀守卫征服者之绿松石项链',''),(1103,123001356,1,15000,8,3,0,7,0,0,0,'荣耀守卫征服者之长袍腰带',''),(1104,123001355,1,15000,8,3,0,7,0,0,0,'荣耀守卫征服者之皮革腰带',''),(1105,100001412,1,15000,8,3,0,7,0,0,0,'荣耀征服者之执政官剑',''),(1106,100901105,1,15000,8,3,0,7,0,0,0,'荣耀征服者之执政官双手剑',''),(1107,100501097,1,15000,8,3,0,7,0,0,0,'荣耀征服者之执政官宝玉',''),(1108,100101089,1,15000,8,3,0,7,0,0,0,'荣耀征服者之执政官战斗锤',''),(1109,101501123,1,15000,8,3,0,7,0,0,0,'荣耀征服者之执政官杖',''),(1110,101301042,1,15000,8,3,0,7,0,0,0,'荣耀征服者之执政官枪',''),(1111,115001462,1,15000,8,3,0,7,0,0,0,'荣耀征服者之执政官盾牌',''),(1112,100201251,1,15000,8,3,0,7,0,0,0,'荣耀征服者之执政官短刀',''),(1113,101701134,1,15000,8,3,0,7,0,0,0,'荣耀征服者之执政官长弓',''),(1114,100601153,1,15000,8,3,0,7,0,0,0,'荣耀征服者之执政官魔法书',''),(1115,125003622,1,15000,8,3,0,7,0,0,0,'荣耀征服者之执政官皮帽',''),(1116,110301393,1,15000,8,3,0,7,0,0,0,'荣耀征服者之执政官皮革坎肩',''),(1117,111301334,1,15000,8,3,0,7,0,0,0,'荣耀征服者之执政官皮革手套',''),(1118,112301277,1,15000,8,3,0,7,0,0,0,'荣耀征服者之执政官皮革护肩',''),(1119,113301358,1,15000,8,3,0,7,0,0,0,'荣耀征服者之执政官皮革护腿',''),(1120,114301393,1,15000,8,3,0,7,0,0,0,'荣耀征服者之执政官皮鞋',''),(1121,125003624,1,15000,8,3,0,7,0,0,0,'荣耀征服者之执政官金属头盔',''),(1122,111601305,1,15000,8,3,0,7,0,0,0,'荣耀征服者之执政官金属手套',''),(1123,113601294,1,15000,8,3,0,7,0,0,0,'荣耀征服者之执政官金属护腿',''),(1124,112601285,1,15000,8,3,0,7,0,0,0,'荣耀征服者之执政官金属肩甲',''),(1125,110601342,1,15000,8,3,0,7,0,0,0,'荣耀征服者之执政官金属胸甲',''),(1126,114601291,1,15000,8,3,0,7,0,0,0,'荣耀征服者之执政官金属长靴',''),(1127,125003623,1,15000,8,3,0,7,0,0,0,'荣耀征服者之执政官锁链头盔',''),(1128,111501326,1,15000,8,3,0,7,0,0,0,'荣耀征服者之执政官锁链手套',''),(1129,110501368,1,15000,8,3,0,7,0,0,0,'荣耀征服者之执政官锁链盔甲',''),(1130,112501266,1,15000,8,3,0,7,0,0,0,'荣耀征服者之执政官锁链肩甲',''),(1131,113501341,1,15000,8,3,0,7,0,0,0,'荣耀征服者之执政官锁链腿甲',''),(1132,114501349,1,15000,8,3,0,7,0,0,0,'荣耀征服者之执政官锁链长靴',''),(1133,110101485,1,15000,8,3,0,7,0,0,0,'荣耀征服者之执政官长袍上衣',''),(1134,113101356,1,15000,8,3,0,7,0,0,0,'荣耀征服者之执政官长袍下衣',''),(1135,125003621,1,15000,8,3,0,7,0,0,0,'荣耀征服者之执政官长袍头巾',''),(1136,111101339,1,15000,8,3,0,7,0,0,0,'荣耀征服者之执政官长袍手套',''),(1137,112101296,1,15000,8,3,0,7,0,0,0,'荣耀征服者之执政官长袍护肩',''),(1138,114101387,1,15000,8,3,0,7,0,0,0,'荣耀征服者之执政官长袍鞋子',''),(1139,122001597,1,15000,8,3,0,7,0,0,0,'荣耀征服者之执政官红晶石戒指',''),(1140,120001454,1,15000,8,3,0,7,0,0,0,'荣耀征服者之执政官红晶石耳环',''),(1141,121001328,1,15000,8,3,0,7,0,0,0,'荣耀征服者之执政官红晶石项链',''),(1142,122001598,1,15000,8,3,0,7,0,0,0,'荣耀征服者之执政官绿松石戒指',''),(1143,120001455,1,15000,8,3,0,7,0,0,0,'荣耀征服者之执政官绿松石耳环',''),(1144,121001329,1,15000,8,3,0,7,0,0,0,'荣耀征服者之执政官绿松石项链',''),(1145,123001357,1,15000,8,3,0,7,0,0,0,'荣耀征服者之执政官皮革腰带',''),(1146,123001358,1,15000,8,3,0,7,0,0,0,'荣耀征服者之执政官长袍腰带',''),(1147,100501092,1,15000,8,4,0,7,0,0,0,'龙帝的傲慢',''),(1148,115001459,1,15000,8,4,0,7,0,0,0,'龙帝的叹息',''),(1149,100101084,1,15000,8,4,0,7,0,0,0,'龙帝的喜悦',''),(1150,101701129,1,15000,8,4,0,7,0,0,0,'龙帝的嫉妒',''),(1151,100601148,1,15000,8,4,0,7,0,0,0,'龙帝的怀疑',''),(1152,100001407,1,15000,8,4,0,7,0,0,0,'龙帝的愤怒',''),(1153,100901100,1,15000,8,4,0,7,0,0,0,'龙帝的憎恶',''),(1154,100201246,1,15000,8,4,0,7,0,0,0,'龙帝的杀气',''),(1155,100101104,1,15000,8,4,0,7,0,0,0,'龙帝的欢喜',''),(1156,115001460,1,15000,8,4,0,7,0,0,0,'龙帝的苦恼',''),(1157,115001475,1,15000,8,4,0,7,0,0,0,'龙帝的苦恼',''),(1158,101301037,1,15000,8,4,0,7,0,0,0,'龙帝的贪欲',''),(1159,101501118,1,15000,8,4,0,7,0,0,0,'龙帝的骄傲',''),(1160,100101082,1,10000,8,5,0,7,0,0,0,'扭曲的龙帝的喜悦',''),(1161,100001405,1,10000,8,5,0,7,0,0,0,'扭曲的龙帝的愤怒',''),(1162,100901098,1,10000,8,5,0,7,0,0,0,'扭曲的龙帝的憎恶',''),(1163,100201244,1,10000,8,5,0,7,0,0,0,'扭曲的龙帝的杀气',''),(1164,101301035,1,10000,8,5,0,7,0,0,0,'扭曲的龙帝的贪欲',''),(1165,101501116,1,10000,8,5,0,7,0,0,0,'扭曲的龙帝的骄傲',''),(1166,164002112,50,500,8,6,0,7,0,0,0,'不灭上级勇气之咒语书',''),(1167,164002111,50,500,8,6,0,7,0,0,0,'不灭上级疾走之咒语书',''),(1168,164002113,50,500,8,6,0,7,0,0,0,'不灭上级觉醒之咒语书',''),(1169,164002114,50,600,8,6,0,7,0,0,0,'不灭最上级物理致命一击提高咒语书',''),(1170,164002115,50,600,8,6,0,7,0,0,0,'不灭最上级魔法致命一击提高咒语书',''),(1171,167000684,10,500,8,7,0,7,0,0,0,'魔石：攻击力+5/命中+13',''),(1172,167000685,10,500,8,7,0,7,0,0,0,'魔石：攻击力+5/回避+13',''),(1173,167000686,10,500,8,7,0,7,0,0,0,'魔石：攻击力+5/武器防御+13',''),(1174,167000749,10,500,8,7,0,7,0,0,0,'魔石：攻击力+5/物理致命一击+8',''),(1175,167000682,10,500,8,7,0,7,0,0,0,'魔石：攻击力+5/生命力+47',''),(1176,167000687,10,500,8,7,0,7,0,0,0,'魔石：攻击力+5/盾牌防御+13',''),(1177,167000683,10,500,8,7,0,7,0,0,0,'魔石：攻击力+5/精神力+47',''),(1178,167000751,10,500,8,7,0,7,0,0,0,'魔石：攻击力+5/魔法命中+7',''),(1179,167000750,10,500,8,7,0,7,0,0,0,'魔石：攻击力+5/魔法抵抗+7',''),(1180,167000691,10,500,8,7,0,7,0,0,0,'魔石：物理致命一击+17/命中+13',''),(1181,167000692,10,500,8,7,0,7,0,0,0,'魔石：物理致命一击+17/回避+13',''),(1182,167000690,10,500,8,7,0,7,0,0,0,'魔石：物理致命一击+17/攻击力+2',''),(1183,167000693,10,500,8,7,0,7,0,0,0,'魔石：物理致命一击+17/武器防御+13',''),(1184,167000688,10,500,8,7,0,7,0,0,0,'魔石：物理致命一击+17/生命力+47',''),(1185,167000694,10,500,8,7,0,7,0,0,0,'魔石：物理致命一击+17/盾牌防御+13',''),(1186,167000689,10,500,8,7,0,7,0,0,0,'魔石：物理致命一击+17/精神力+47',''),(1187,167000696,10,500,8,7,0,7,0,0,0,'魔石：物理致命一击+17/魔法命中+7',''),(1188,167000695,10,500,8,7,0,7,0,0,0,'魔石：物理致命一击+17/魔法抵抗+7',''),(1189,167000709,10,500,8,7,0,7,0,0,0,'魔石：魔法命中+14/命中+13',''),(1190,167000710,10,500,8,7,0,7,0,0,0,'魔石：魔法命中+14/回避+13',''),(1191,167000711,10,500,8,7,0,7,0,0,0,'魔石：魔法命中+14/武器防御+13',''),(1192,167000713,10,500,8,7,0,7,0,0,0,'魔石：魔法命中+14/物理致命一击+8',''),(1193,167000706,10,500,8,7,0,7,0,0,0,'魔石：魔法命中+14/生命力+47',''),(1194,167000712,10,500,8,7,0,7,0,0,0,'魔石：魔法命中+14/盾牌防御+13',''),(1195,167000707,10,500,8,7,0,7,0,0,0,'魔石：魔法命中+14/精神力+47',''),(1196,167000708,10,500,8,7,0,7,0,0,0,'魔石：魔法命中+14/魔法增幅力+13',''),(1197,167000714,10,500,8,7,0,7,0,0,0,'魔石：魔法命中+14/魔法抵抗+7',''),(1198,167000699,10,500,8,7,0,7,0,0,0,'魔石：魔法增幅力+27/命中+13',''),(1199,167000700,10,500,8,7,0,7,0,0,0,'魔石：魔法增幅力+27/回避+13',''),(1200,167000701,10,500,8,7,0,7,0,0,0,'魔石：魔法增幅力+27/武器防御+13',''),(1201,167000703,10,500,8,7,0,7,0,0,0,'魔石：魔法增幅力+27物理致命一击+8',''),(1202,167000697,10,500,8,7,0,7,0,0,0,'魔石：魔法增幅力+27/生命力+47',''),(1203,167000702,10,500,8,7,0,7,0,0,0,'魔石：魔法增幅力+27/盾牌防御+13',''),(1204,167000698,10,500,8,7,0,7,0,0,0,'魔石：魔法增幅力+27/精神力+47',''),(1205,167000705,10,500,8,7,0,7,0,0,0,'魔石：魔法增幅力+27/魔法命中+7',''),(1206,167000704,10,500,8,7,0,7,0,0,0,'魔石：魔法增幅力+27/魔法抵抗+7',''),(1207,160010071,10,200,9,3,0,7,0,0,0,'GM专用活动用凯鲁宾变身糖果(天族)',''),(1208,160010072,10,200,9,3,0,7,0,0,0,'GM专用活动用凯鲁宾变身糖果(魔族)',''),(1209,160010074,10,200,9,3,0,7,0,0,0,'GM专用活动用守护神将变身糖果(天族)',''),(1210,160010075,10,200,9,3,0,7,0,0,0,'GM专用活动用守护神将变身糖果(魔族)',''),(1211,160010103,10,200,9,3,0,7,0,0,0,'亲切的术古变身糖果',''),(1212,160010104,10,200,9,3,0,7,0,0,0,'亲切的术古变身糖果',''),(1213,160010105,10,200,9,3,0,7,0,0,0,'健康的白熊变身糖果',''),(1214,160010106,10,200,9,3,0,7,0,0,0,'健康的白熊变身糖果',''),(1215,160010101,10,200,9,3,0,7,0,0,0,'喜爱夏天的企鹅变身糖果',''),(1216,160010102,10,200,9,3,0,7,0,0,0,'喜爱夏天的企鹅变身糖果',''),(1217,160010084,10,200,9,3,0,7,0,0,0,'强化白熊糖果',''),(1218,160010085,10,200,9,3,0,7,0,0,0,'强化白熊糖果',''),(1219,160010174,10,200,9,3,0,7,0,0,0,'想和人一样住在屋里的老虎变身糖果',''),(1220,160010175,10,200,9,3,0,7,0,0,0,'想和人一样住在屋里的老虎变身糖果',''),(1221,160010107,10,200,9,3,0,7,0,0,0,'更勇猛的老虎变身糖果',''),(1222,160010108,10,200,9,3,0,7,0,0,0,'更勇猛的老虎变身糖果',''),(1223,160010109,10,200,9,3,0,7,0,0,0,'深深陷入爱河的老虎变身糖果',''),(1224,160010110,10,200,9,3,0,7,0,0,0,'深深陷入爱河的老虎变身糖果',''),(1225,160010204,10,200,9,3,0,7,0,0,0,'威风飞龙变身糖果',''),(1226,160010206,10,200,9,3,0,7,0,0,0,'威风飞龙变身糖果',''),(1227,160010205,10,200,9,3,0,7,0,0,0,'贤明飞龙变身糖果',''),(1228,160010207,10,200,9,3,0,7,0,0,0,'贤明飞龙变身糖果',''),(1229,160010245,10,200,9,3,0,7,0,0,0,'超强力熊猫变身',''),(1230,160010246,10,200,9,3,0,7,0,0,0,'超强力熊猫变身',''),(1231,110900404,1,200,9,4,0,7,0,0,0,'豹纹服装',''),(1232,110900399,1,200,9,4,0,7,0,0,0,'奥德隆服装',''),(1233,110900400,1,200,9,4,0,7,0,0,0,'威风重甲',''),(1234,110900401,1,200,9,4,0,7,0,0,0,'威风轻甲',''),(1235,110900402,1,200,9,4,0,7,0,0,0,'威风长袍',''),(1236,110900403,1,200,9,4,0,7,0,0,0,'黄金盔甲',''),(1237,125040245,1,200,9,5,0,7,0,0,0,'草莓帽子',''),(1238,125040246,1,200,9,5,0,7,0,0,0,'西瓜帽子',''),(1239,125040247,1,200,9,5,0,7,0,0,0,'菠萝帽子',''),(1240,125040248,1,200,9,5,0,7,0,0,0,'胡萝卜帽子',''),(1241,125040249,1,200,9,5,0,7,0,0,0,'猕猴桃头饰',''),(1242,125040250,1,200,9,5,0,7,0,0,0,'柠檬头饰',''),(1243,125040251,1,200,9,5,0,7,0,0,0,'苹果头饰',''),(1244,125045114,1,200,9,5,0,7,0,0,0,'绅士淑女古典帽',''),(1245,125045115,1,200,9,5,0,7,0,0,0,'咕咕帽子',''),(1246,125045116,1,200,9,5,0,7,0,0,0,'嘎嘎帽子',''),(1247,125045120,1,200,9,5,0,7,0,0,0,'奥德隆头盔',''),(1248,125045121,1,200,9,5,0,7,0,0,0,'奥德隆眼罩',''),(1249,125045122,1,200,9,5,0,7,0,0,0,'奥德隆太阳镜',''),(1250,125045123,1,200,9,5,0,7,0,0,0,'黄金帽子',''),(1251,100001462,1,500,9,6,0,7,0,0,0,'奥德隆长剑',''),(1252,100001463,1,500,9,6,0,7,0,0,0,'黄金长剑',''),(1253,100101108,1,500,9,6,0,7,0,0,0,'奥德隆战棍',''),(1254,100101109,1,500,9,6,0,7,0,0,0,'黄金战棍',''),(1255,100201271,1,500,9,6,0,7,0,0,0,'奥德隆短剑',''),(1256,100201272,1,500,9,6,0,7,0,0,0,'黄金短剑',''),(1257,100501115,1,500,9,6,0,7,0,0,0,'奥德隆宝珠',''),(1258,100501116,1,500,9,6,0,7,0,0,0,'黄金宝珠',''),(1259,100601196,1,500,9,6,0,7,0,0,0,'奥德隆法书',''),(1260,100601197,1,500,9,6,0,7,0,0,0,'黄金法书',''),(1261,100901124,1,500,9,6,0,7,0,0,0,'奥德隆巨剑',''),(1262,100901125,1,500,9,6,0,7,0,0,0,'黄金巨剑',''),(1263,101301060,1,500,9,6,0,7,0,0,0,'奥德隆枪',''),(1264,101301061,1,500,9,6,0,7,0,0,0,'黄金枪',''),(1265,101501141,1,500,9,6,0,7,0,0,0,'奥德隆法杖',''),(1266,101501142,1,500,9,6,0,7,0,0,0,'黄金法杖',''),(1267,101701159,1,500,9,6,0,7,0,0,0,'奥德隆弓',''),(1268,101701160,1,500,9,6,0,7,0,0,0,'黄金弓',''),(1269,115001481,1,500,9,6,0,7,0,0,0,'奥德隆盾牌',''),(1270,115001482,1,500,9,6,0,7,0,0,0,'黄金盾牌',''),(1271,170030055,1,200,9,7,0,7,0,0,0,'新年糖果拐杖装饰',''),(1272,171010036,1,200,9,7,0,7,0,0,0,'豪华住宅的幸福糖果外墙',''),(1273,170190049,1,200,9,7,0,7,0,0,0,'糖果强化石盆栽',''),(1274,171010035,1,200,9,7,0,442,0,0,0,'豪华住宅的甜蜜巧克力外墙',''),(1275,171010036,1,200,9,7,0,442,0,0,0,'豪华住宅的幸福糖果外墙',''),(1276,170190086,1,200,9,7,0,442,0,0,0,'帽子王的特殊帽子盆景',''),(1277,164002014,10,10,9,8,0,37,0,0,0,'烟花',''),(1278,187060080,1,500,9,9,0,37,0,0,0,'亚龙的翅膀（外形变更-30天）',''),(1279,187060083,1,500,9,9,0,37,0,0,0,'亚龙的骨翅膀（外形变更-30天）',''),(1280,187060084,1,9000,9,9,0,37,0,0,0,'亚龙的翅膀',''),(1281,187060085,1,9000,9,9,0,37,0,0,0,'亚龙的骨翅膀',''),(1282,188100033,1,500,9,9,0,37,0,0,0,'[纪念品]塔哈巴塔的翅膀',''),(1283,188100036,1,500,9,9,0,37,0,0,0,'[纪念品]鲁德拉的翅膀',''),(1284,188100039,1,500,9,9,0,37,0,0,0,'[纪念品]拉克莎的翅膀',''),(1285,187050016,1,500,9,9,0,37,0,0,0,'荣光的白色翅膀',''),(1286,187050017,1,500,9,9,0,37,0,0,0,'不败的黑色翅膀',''),(1287,187060046,1,200,9,9,0,37,0,0,0,'哈奥琳琳的羽毛（外形变更-30天）',''),(1288,187060047,1,200,9,9,0,37,0,0,0,'塔罗雄的羽毛（外形变更-30天）',''),(1289,187060048,1,200,9,9,0,37,0,0,0,'奈斯托尔的羽毛（外形变更-30天）',''),(1290,187060049,1,200,9,9,0,37,0,0,0,'发光的埃利安的羽毛（外形变更-30天）',''),(1291,187060050,1,200,9,9,0,37,0,0,0,'阿拉克内姊妹会的羽毛（外形变更-30天）',''),(1292,187060051,1,200,9,9,0,37,0,0,0,'安卡奴斯的羽毛（外形变更-30天）',''),(1293,187060052,1,200,9,9,0,37,0,0,0,'埃利安胜利的羽毛（外形变更-30天）',''),(1294,187060053,1,200,9,9,0,37,0,0,0,'由迪提欧的羽毛（外形变更-30天）',''),(1295,187060054,1,200,9,9,0,37,0,0,0,'海罗雄的羽毛（外形变更-30天）',''),(1296,187060055,1,200,9,9,0,37,0,0,0,'作战部长的羽毛（外形变更-30天）',''),(1297,187060056,1,200,9,9,0,37,0,0,0,'魔力的羽毛（外形变更-30天）',''),(1298,187060057,1,200,9,9,0,37,0,0,0,'绝望的羽毛（外形变更-30天）',''),(1299,187060058,1,200,9,9,0,37,0,0,0,'深渊的羽毛（外形变更-30天）',''),(1300,187060059,1,200,9,9,0,37,0,0,0,'锡金的羽毛（外形变更-30天）',''),(1301,187060060,1,200,9,9,0,37,0,0,0,'发光的佩尔农的羽毛（外形变更 - 30天',''),(1302,187060061,1,200,9,9,0,37,0,0,0,'马勒库坦兄弟会的羽毛（外形变更-30天）',''),(1303,187060062,1,200,9,9,0,37,0,0,0,'乌德比的羽毛（外形变更-30天）',''),(1304,187060063,1,200,9,9,0,37,0,0,0,'佩尔农胜利的羽毛（外形变更-30天）',''),(1305,187060064,1,200,9,9,0,37,0,0,0,'穆您的羽毛（外形变更-30天）',''),(1306,187060065,1,200,9,9,0,37,0,0,0,'烦恼的羽毛（外形变更-30天）',''),(1307,187060066,1,200,9,9,0,37,0,0,0,'司令部长的羽毛（外形变更-30天）',''),(1308,187060067,1,200,9,9,0,37,0,0,0,'堕落天使的羽毛（外形变更-30天）',''),(1309,187060068,1,200,9,9,0,37,0,0,0,'黑色小天使羽毛（外形变更-30天）',''),(1310,187060069,1,200,9,9,0,37,0,0,0,'红色小天使羽毛（外形变更-30天）',''),(1311,187060070,1,200,9,9,0,37,0,0,0,'精灵的小天使羽毛（外形变更-30天）',''),(1312,187060071,1,200,9,9,0,37,0,0,0,'白色小天使羽毛（外形变更-30天）',''),(1313,187060075,1,200,9,9,0,37,0,0,0,'暴风的羽毛（外形变更-30天）',''),(1314,187060076,1,200,9,9,0,37,0,0,0,'古代精灵的羽毛（外形变更-30天）',''),(1315,187060077,1,200,9,9,0,37,0,0,0,'卡伦的羽毛（外形变更-30天）',''),(1316,190100065,1,500,9,10,0,37,0,0,0,'奥德隆摩托车',''),(1317,190100046,1,500,9,10,0,37,0,0,0,'狂风之云',''),(1318,190100044,1,500,9,10,0,37,0,0,0,'军团飞龙',''),(1319,190100042,1,500,9,10,0,37,0,0,0,'军团飞龙',''),(1320,190100043,1,500,9,10,0,37,0,0,0,'[TEST]飞花',''),(1321,190020151,1,500,9,11,0,37,0,0,0,'地狱火迪亚波蛋(30天)',''),(1322,190020160,1,500,9,11,0,37,0,0,0,'金冠阿卡伦蛋(30天）',''),(1323,190020155,1,500,9,11,0,37,0,0,0,'贵公子德里安蛋(30天)',''),(1324,190020147,1,500,9,11,0,37,0,0,0,'纯洁的麦雷克蛋(30天)',''),(1325,169120035,1,50,9,12,0,37,0,0,0,'上色剂：淡粉色',''),(1326,169120036,1,50,9,12,0,37,0,0,0,'上色剂：酒红色',''),(1327,169120037,1,50,9,12,0,37,0,0,0,'上色剂：绯红色',''),(1328,169120038,1,50,9,12,0,37,0,0,0,'上色剂：薄荷色',''),(1329,169120039,1,50,9,12,0,37,0,0,0,'上色剂：深绿色',''),(1330,169120040,1,50,9,12,0,37,0,0,0,'上色剂：绿色',''),(1331,169120041,1,50,9,12,0,37,0,0,0,'上色剂：天蓝色',''),(1332,169120042,1,50,9,12,0,37,0,0,0,'上色剂：金属蓝',''),(1333,169120043,1,50,9,12,0,37,0,0,0,'上色剂：品蓝色',''),(1334,169120044,1,50,9,12,0,37,0,0,0,'上色剂：米黄色',''),(1335,169120045,1,50,9,12,0,37,0,0,0,'上色剂：咖啡色',''),(1336,169120046,1,50,9,12,0,37,0,0,0,'上色剂：柠檬色','');

/*Table structure for table `ingameshop_log` */

DROP TABLE IF EXISTS `ingameshop_log`;

CREATE TABLE `ingameshop_log` (
  `transaction_id` int(11) NOT NULL AUTO_INCREMENT,
  `transaction_type` enum('BUY','GIFT') NOT NULL,
  `transaction_date` timestamp NULL DEFAULT NULL,
  `payer_name` varchar(50) NOT NULL,
  `payer_account_name` varchar(50) NOT NULL,
  `receiver_name` varchar(50) NOT NULL,
  `item_id` int(11) NOT NULL,
  `item_count` bigint(13) NOT NULL DEFAULT '0',
  `item_price` bigint(13) NOT NULL DEFAULT '0',
  PRIMARY KEY (`transaction_id`)
) ENGINE=InnoDB DEFAULT CHARSET=utf8;

/*Data for the table `ingameshop_log` */

/*Table structure for table `ingameshoplimit` */

DROP TABLE IF EXISTS `ingameshoplimit`;

CREATE TABLE `ingameshoplimit` (
  `player_id` int(11) NOT NULL,
  `item_id` int(11) NOT NULL,
  PRIMARY KEY (`player_id`)
) ENGINE=InnoDB DEFAULT CHARSET=latin1;

/*Data for the table `ingameshoplimit` */

/*Table structure for table `inventory` */

DROP TABLE IF EXISTS `inventory`;

CREATE TABLE `inventory` (
  `item_unique_id` int(11) NOT NULL,
  `item_id` int(11) NOT NULL,
  `item_count` bigint(20) NOT NULL DEFAULT '0',
  `item_color` int(11) NOT NULL DEFAULT '0',
  `color_expires` int(11) NOT NULL DEFAULT '0',
  `item_creator` varchar(50) DEFAULT NULL,
  `expire_time` int(11) NOT NULL DEFAULT '0',
  `activation_count` int(11) NOT NULL DEFAULT '0',
  `item_owner` int(11) NOT NULL,
  `is_equiped` tinyint(1) NOT NULL DEFAULT '0',
  `is_soul_bound` tinyint(1) NOT NULL DEFAULT '0',
  `slot` bigint(20) NOT NULL DEFAULT '0',
  `item_location` tinyint(1) DEFAULT '0',
  `enchant` tinyint(1) DEFAULT '0',
  `enchantbouns` tinyint(1) NOT NULL DEFAULT '0',
  `item_skin` int(11) NOT NULL DEFAULT '0',
  `fusioned_item` int(11) NOT NULL DEFAULT '0',
  `optional_socket` tinyint(1) NOT NULL DEFAULT '0',
  `optional_fusion_socket` int(1) NOT NULL DEFAULT '0',
  `charge` mediumint(9) NOT NULL DEFAULT '0',
  `rnd_bonus` tinyint(1) NOT NULL DEFAULT '0',
  `polish_item` int(11) NOT NULL DEFAULT '0',
  `polish_bonus` smallint(6) DEFAULT NULL,
  `polish_points` int(11) NOT NULL DEFAULT '0',
  `isidentify` tinyint(1) NOT NULL DEFAULT '0',
  `re_identify` tinyint(2) NOT NULL DEFAULT '0',
  `authorize` tinyint(2) NOT NULL DEFAULT '0',
  PRIMARY KEY (`item_unique_id`),
  KEY `item_location` (`item_location`) USING HASH,
  KEY `index3` (`item_owner`,`item_location`,`is_equiped`)
) ENGINE=InnoDB DEFAULT CHARSET=utf8;

/*Data for the table `inventory` */

insert  into `inventory`(`item_unique_id`,`item_id`,`item_count`,`item_color`,`color_expires`,`item_creator`,`expire_time`,`activation_count`,`item_owner`,`is_equiped`,`is_soul_bound`,`slot`,`item_location`,`enchant`,`enchantbouns`,`item_skin`,`fusioned_item`,`optional_socket`,`optional_fusion_socket`,`charge`,`rnd_bonus`,`polish_item`,`polish_bonus`,`polish_points`,`isidentify`,`re_identify`,`authorize`) values (114744,182400001,1000,0,0,'',0,0,114743,0,0,65535,0,0,0,182400001,0,0,0,0,0,0,NULL,0,0,0,0),(114745,101800181,1,0,0,'',0,0,114743,0,0,2,0,0,0,101800181,0,0,0,0,0,0,NULL,0,0,0,0),(114746,110300015,1,0,0,'',0,0,114743,1,0,8,0,0,0,110300015,0,0,0,0,0,0,NULL,0,0,0,0),(114747,113300005,1,0,0,'',0,0,114743,1,0,4096,0,0,0,113300005,0,0,0,0,0,0,NULL,0,0,0,0),(114748,160000001,12,0,0,'',0,1,114743,0,0,4,0,0,0,160000001,0,0,0,0,0,0,NULL,0,0,0,0),(114749,169300002,120,0,0,'',0,0,114743,0,0,11,0,0,0,169300002,0,0,0,0,0,0,NULL,0,0,0,0),(114752,182400001,1000,0,0,'',0,0,114751,0,0,65535,0,0,0,182400001,0,0,0,0,0,0,NULL,0,0,0,0),(114753,101800181,1,0,0,'',0,0,114751,1,0,1,0,0,0,101800181,0,0,0,0,0,0,NULL,0,0,0,0),(114754,110300015,1,0,0,'',0,0,114751,1,0,8,0,0,0,110300015,0,0,0,0,0,0,NULL,0,0,0,0),(114755,113300005,1,0,0,'',0,0,114751,1,0,4096,0,0,0,113300005,0,0,0,0,0,0,NULL,0,0,0,0),(114756,160000001,12,0,0,'',0,1,114751,0,0,0,0,0,0,160000001,0,0,0,0,0,0,NULL,0,0,0,0),(114757,169300002,20,0,0,'',0,0,114751,0,0,1,0,0,0,169300002,0,0,0,0,0,0,NULL,0,0,0,0),(114758,100100856,1,0,0,'',0,0,114743,0,0,0,0,0,0,100100856,0,0,0,0,0,0,NULL,0,0,0,0),(114759,114501142,1,0,0,'',0,0,114743,0,0,3,0,0,0,114501142,0,0,0,0,0,0,NULL,0,0,0,0),(114760,162002003,100,0,0,'',0,1,114743,0,0,6,0,0,0,162002003,0,0,0,0,0,0,NULL,0,0,0,0),(114761,162002005,100,0,0,'',0,1,114743,0,0,7,0,0,0,162002005,0,0,0,0,0,0,NULL,0,0,0,0),(114762,164002002,10,0,0,'',0,1,114743,0,0,8,0,0,0,164002002,0,0,0,0,0,0,NULL,0,0,0,0),(114763,164002003,20,0,0,'',0,1,114743,0,0,9,0,0,0,164002003,0,0,0,0,0,0,NULL,0,0,0,0),(114802,101700515,1,0,0,'',0,0,114743,0,0,1,0,0,0,101700515,0,0,0,0,0,0,NULL,0,0,0,0),(114803,162000024,10,0,0,'',0,1,114743,0,0,5,0,0,0,162000024,0,0,0,0,0,0,NULL,0,0,0,0),(114804,164002008,5,0,0,'',0,1,114743,0,0,10,0,0,0,164002008,0,0,0,0,0,0,NULL,0,0,0,0),(114809,167000229,1,0,0,'',0,1,114751,0,0,2,0,0,0,167000229,0,0,0,0,0,0,NULL,0,0,0,0),(114810,167000232,1,0,0,'',0,1,114751,0,0,3,0,0,0,167000232,0,0,0,0,0,0,NULL,0,0,0,0),(114811,182004793,3,0,0,'',0,0,114751,0,0,4,0,0,0,182004793,0,0,0,0,0,0,NULL,0,0,0,0),(114825,102100919,1,0,0,'',0,0,114743,1,0,1,0,0,0,102100919,0,0,0,0,0,0,NULL,0,0,0,0),(114842,182400001,1240,0,0,'',0,0,114841,0,0,65535,0,0,0,182400001,0,0,0,0,0,0,NULL,0,0,0,0),(114843,101800181,1,0,0,'',0,0,114841,1,0,1,0,0,0,101800181,0,0,0,0,0,0,NULL,0,0,0,0),(114844,110300015,1,0,0,'',0,0,114841,1,0,8,0,0,0,110300015,0,0,0,0,0,0,NULL,0,0,0,0),(114845,113300005,1,0,0,'',0,0,114841,1,0,4096,0,0,0,113300005,0,0,0,0,0,0,NULL,0,0,0,0),(114846,160000001,12,0,0,'',0,1,114841,0,0,0,0,0,0,160000001,0,0,0,0,0,0,NULL,0,0,0,0),(114847,169300002,20,0,0,'',0,0,114841,0,0,1,0,0,0,169300002,0,0,0,0,0,0,NULL,0,0,0,0),(115004,114500549,1,0,0,'',0,0,114751,0,0,5,0,0,0,114500549,0,0,0,0,0,0,NULL,0,0,0,0),(115005,169000003,2,0,0,'',0,0,114751,0,0,6,0,0,0,169000003,0,0,0,0,0,0,NULL,0,0,0,0);

/*Table structure for table `item_cooldowns` */

DROP TABLE IF EXISTS `item_cooldowns`;

CREATE TABLE `item_cooldowns` (
  `player_id` int(11) NOT NULL,
  `delay_id` int(11) NOT NULL,
  `use_delay` int(10) unsigned NOT NULL,
  `reuse_time` bigint(13) NOT NULL,
  PRIMARY KEY (`player_id`,`delay_id`),
  CONSTRAINT `item_cooldowns_ibfk_1` FOREIGN KEY (`player_id`) REFERENCES `players` (`id`) ON DELETE CASCADE ON UPDATE CASCADE
) ENGINE=InnoDB DEFAULT CHARSET=utf8;

/*Data for the table `item_cooldowns` */

/*Table structure for table `item_stones` */

DROP TABLE IF EXISTS `item_stones`;

CREATE TABLE `item_stones` (
  `item_unique_id` int(11) NOT NULL,
  `item_id` int(11) NOT NULL,
  `slot` int(2) NOT NULL,
  `category` int(2) NOT NULL DEFAULT '0',
  PRIMARY KEY (`item_unique_id`,`slot`,`category`),
  CONSTRAINT `item_stones_ibfk_1` FOREIGN KEY (`item_unique_id`) REFERENCES `inventory` (`item_unique_id`) ON DELETE CASCADE
) ENGINE=InnoDB DEFAULT CHARSET=utf8;

/*Data for the table `item_stones` */

/*Table structure for table `legion_announcement_list` */

DROP TABLE IF EXISTS `legion_announcement_list`;

CREATE TABLE `legion_announcement_list` (
  `legion_id` int(11) NOT NULL,
  `announcement` varchar(256) NOT NULL,
  `date` timestamp NOT NULL DEFAULT CURRENT_TIMESTAMP,
  KEY `legion_id` (`legion_id`),
  CONSTRAINT `legion_announcement_list_ibfk_1` FOREIGN KEY (`legion_id`) REFERENCES `legions` (`id`) ON DELETE CASCADE ON UPDATE CASCADE
) ENGINE=InnoDB DEFAULT CHARSET=utf8;

/*Data for the table `legion_announcement_list` */

/*Table structure for table `legion_emblems` */

DROP TABLE IF EXISTS `legion_emblems`;

CREATE TABLE `legion_emblems` (
  `legion_id` int(11) NOT NULL,
  `emblem_id` int(1) NOT NULL DEFAULT '0',
  `color_r` int(3) NOT NULL DEFAULT '0',
  `color_g` int(3) NOT NULL DEFAULT '0',
  `color_b` int(3) NOT NULL DEFAULT '0',
  `emblem_type` enum('DEFAULT','CUSTOM') NOT NULL DEFAULT 'DEFAULT',
  `emblem_data` longblob,
  PRIMARY KEY (`legion_id`),
  CONSTRAINT `legion_emblems_ibfk_1` FOREIGN KEY (`legion_id`) REFERENCES `legions` (`id`) ON DELETE CASCADE ON UPDATE CASCADE
) ENGINE=InnoDB DEFAULT CHARSET=utf8;

/*Data for the table `legion_emblems` */

/*Table structure for table `legion_history` */

DROP TABLE IF EXISTS `legion_history`;

CREATE TABLE `legion_history` (
  `id` int(11) NOT NULL AUTO_INCREMENT,
  `legion_id` int(11) NOT NULL,
  `date` timestamp NOT NULL DEFAULT CURRENT_TIMESTAMP,
  `history_type` enum('CREATE','JOIN','KICK','APPOINTED','EMBLEM_REGISTER','EMBLEM_MODIFIED','ITEM_DEPOSIT','ITEM_WITHDRAW','KINAH_DEPOSIT','KINAH_WITHDRAW','LEVEL_UP') NOT NULL,
  `name` varchar(50) NOT NULL,
  `tab_id` smallint(3) NOT NULL DEFAULT '0',
  `description` varchar(30) NOT NULL DEFAULT '',
  PRIMARY KEY (`id`),
  KEY `legion_id` (`legion_id`),
  CONSTRAINT `legion_history_ibfk_1` FOREIGN KEY (`legion_id`) REFERENCES `legions` (`id`) ON DELETE CASCADE ON UPDATE CASCADE
) ENGINE=InnoDB DEFAULT CHARSET=utf8;

/*Data for the table `legion_history` */

/*Table structure for table `legion_members` */

DROP TABLE IF EXISTS `legion_members`;

CREATE TABLE `legion_members` (
  `legion_id` int(11) NOT NULL,
  `player_id` int(11) NOT NULL,
  `nickname` varchar(10) NOT NULL DEFAULT '',
  `rank` enum('BRIGADE_GENERAL','CENTURION','LEGIONARY','DEPUTY','VOLUNTEER') NOT NULL DEFAULT 'VOLUNTEER',
  `selfintro` varchar(32) DEFAULT '',
  `challenge_score` int(11) NOT NULL DEFAULT '0',
  PRIMARY KEY (`player_id`),
  KEY `player_id` (`player_id`),
  KEY `legion_id` (`legion_id`),
  CONSTRAINT `legion_members_ibfk_1` FOREIGN KEY (`player_id`) REFERENCES `players` (`id`) ON DELETE CASCADE ON UPDATE CASCADE,
  CONSTRAINT `legion_members_ibfk_2` FOREIGN KEY (`legion_id`) REFERENCES `legions` (`id`) ON DELETE CASCADE ON UPDATE CASCADE
) ENGINE=InnoDB DEFAULT CHARSET=utf8;

/*Data for the table `legion_members` */

/*Table structure for table `legions` */

DROP TABLE IF EXISTS `legions`;

CREATE TABLE `legions` (
  `id` int(11) NOT NULL,
  `name` varchar(32) NOT NULL,
  `level` int(1) NOT NULL DEFAULT '1',
  `contribution_points` bigint(20) NOT NULL DEFAULT '0',
  `deputy_permission` int(11) NOT NULL DEFAULT '7692',
  `centurion_permission` int(11) NOT NULL DEFAULT '7176',
  `legionary_permission` int(11) NOT NULL DEFAULT '6144',
  `volunteer_permission` int(11) NOT NULL DEFAULT '2048',
  `disband_time` int(11) NOT NULL DEFAULT '0',
  `rank_cp` int(11) NOT NULL DEFAULT '0',
  `rank_pos` int(11) NOT NULL DEFAULT '0',
  `old_rank_pos` int(11) NOT NULL DEFAULT '0',
  PRIMARY KEY (`id`),
  UNIQUE KEY `name_unique` (`name`)
) ENGINE=InnoDB DEFAULT CHARSET=utf8;

/*Data for the table `legions` */

/*Table structure for table `mail` */

DROP TABLE IF EXISTS `mail`;

CREATE TABLE `mail` (
  `mail_unique_id` int(11) NOT NULL,
  `mail_recipient_id` int(11) NOT NULL,
  `sender_name` varchar(20) NOT NULL,
  `mail_title` varchar(20) NOT NULL,
  `mail_message` varchar(1000) NOT NULL,
  `unread` tinyint(4) NOT NULL DEFAULT '1',
  `attached_item_id` int(11) NOT NULL,
  `attached_kinah_count` bigint(20) NOT NULL,
  `express` tinyint(4) NOT NULL DEFAULT '0',
  `recieved_time` timestamp NOT NULL DEFAULT CURRENT_TIMESTAMP ON UPDATE CURRENT_TIMESTAMP,
  PRIMARY KEY (`mail_unique_id`),
  KEY `mail_recipient_id` (`mail_recipient_id`),
  CONSTRAINT `FK_mail` FOREIGN KEY (`mail_recipient_id`) REFERENCES `players` (`id`) ON DELETE CASCADE
) ENGINE=InnoDB DEFAULT CHARSET=utf8;

/*Data for the table `mail` */

/*Table structure for table `old_names` */

DROP TABLE IF EXISTS `old_names`;

CREATE TABLE `old_names` (
  `id` int(11) unsigned NOT NULL AUTO_INCREMENT,
  `player_id` int(11) NOT NULL,
  `old_name` varchar(50) NOT NULL,
  `new_name` varchar(50) NOT NULL,
  PRIMARY KEY (`id`),
  KEY `player_id` (`player_id`),
  CONSTRAINT `old_names_ibfk_1` FOREIGN KEY (`player_id`) REFERENCES `players` (`id`) ON DELETE CASCADE
) ENGINE=InnoDB DEFAULT CHARSET=utf8;

/*Data for the table `old_names` */

/*Table structure for table `petitions` */

DROP TABLE IF EXISTS `petitions`;

CREATE TABLE `petitions` (
  `id` bigint(11) NOT NULL,
  `player_id` int(11) NOT NULL,
  `type` int(11) NOT NULL,
  `title` varchar(255) NOT NULL,
  `message` text NOT NULL,
  `add_data` varchar(255) DEFAULT NULL,
  `time` bigint(11) NOT NULL DEFAULT '0',
  `status` enum('PENDING','IN_PROGRESS','REPLIED') NOT NULL,
  PRIMARY KEY (`id`)
) ENGINE=InnoDB DEFAULT CHARSET=utf8;

/*Data for the table `petitions` */

/*Table structure for table `player_appearance` */

DROP TABLE IF EXISTS `player_appearance`;

CREATE TABLE `player_appearance` (
  `player_id` int(11) NOT NULL,
  `face` int(11) NOT NULL,
  `hair` int(11) NOT NULL,
  `deco` int(11) NOT NULL,
  `tattoo` int(11) NOT NULL,
  `face_contour` int(11) NOT NULL,
  `expression` int(11) NOT NULL,
  `jaw_line` int(11) NOT NULL,
  `skin_rgb` int(11) NOT NULL,
  `hair_rgb` int(11) NOT NULL,
  `lip_rgb` int(11) NOT NULL,
  `eye_rgb` int(11) NOT NULL,
  `face_shape` int(11) NOT NULL,
  `forehead` int(11) NOT NULL,
  `eye_height` int(11) NOT NULL,
  `eye_space` int(11) NOT NULL,
  `eye_width` int(11) NOT NULL,
  `eye_size` int(11) NOT NULL,
  `eye_shape` int(11) NOT NULL,
  `eye_angle` int(11) NOT NULL,
  `brow_height` int(11) NOT NULL,
  `brow_angle` int(11) NOT NULL,
  `brow_shape` int(11) NOT NULL,
  `nose` int(11) NOT NULL,
  `nose_bridge` int(11) NOT NULL,
  `nose_width` int(11) NOT NULL,
  `nose_tip` int(11) NOT NULL,
  `cheek` int(11) NOT NULL,
  `lip_height` int(11) NOT NULL,
  `mouth_size` int(11) NOT NULL,
  `lip_size` int(11) NOT NULL,
  `smile` int(11) NOT NULL,
  `lip_shape` int(11) NOT NULL,
  `jaw_height` int(11) NOT NULL,
  `chin_jut` int(11) NOT NULL,
  `ear_shape` int(11) NOT NULL,
  `head_size` int(11) NOT NULL,
  `neck` int(11) NOT NULL,
  `neck_length` int(11) NOT NULL,
  `shoulders` int(11) NOT NULL,
  `shoulder_size` int(11) NOT NULL,
  `torso` int(11) NOT NULL,
  `chest` int(11) NOT NULL,
  `waist` int(11) NOT NULL,
  `hips` int(11) NOT NULL,
  `arm_thickness` int(11) NOT NULL,
  `arm_length` int(11) NOT NULL,
  `hand_size` int(11) NOT NULL,
  `leg_thickness` int(11) NOT NULL,
  `leg_length` int(11) NOT NULL,
  `foot_size` int(11) NOT NULL,
  `facial_rate` int(11) NOT NULL,
  `voice` int(11) NOT NULL,
  `height` float NOT NULL,
  PRIMARY KEY (`player_id`),
  CONSTRAINT `player_id_fk` FOREIGN KEY (`player_id`) REFERENCES `players` (`id`) ON DELETE CASCADE ON UPDATE CASCADE
) ENGINE=InnoDB DEFAULT CHARSET=utf8;

/*Data for the table `player_appearance` */

insert  into `player_appearance`(`player_id`,`face`,`hair`,`deco`,`tattoo`,`face_contour`,`expression`,`jaw_line`,`skin_rgb`,`hair_rgb`,`lip_rgb`,`eye_rgb`,`face_shape`,`forehead`,`eye_height`,`eye_space`,`eye_width`,`eye_size`,`eye_shape`,`eye_angle`,`brow_height`,`brow_angle`,`brow_shape`,`nose`,`nose_bridge`,`nose_width`,`nose_tip`,`cheek`,`lip_height`,`mouth_size`,`lip_size`,`smile`,`lip_shape`,`jaw_height`,`chin_jut`,`ear_shape`,`head_size`,`neck`,`neck_length`,`shoulders`,`shoulder_size`,`torso`,`chest`,`waist`,`hips`,`arm_thickness`,`arm_length`,`hand_size`,`leg_thickness`,`leg_length`,`foot_size`,`facial_rate`,`voice`,`height`) values (114743,8,7,0,0,0,0,0,16115179,0,14338001,234,0,0,100,174,215,215,25,214,37,0,148,0,100,100,0,158,165,31,0,165,184,37,0,100,7,253,249,245,218,239,220,0,0,248,249,236,250,253,229,0,0,0.815316),(114751,9,1,0,4,0,0,46,12898035,6844591,13159398,15781834,0,155,79,158,158,183,153,153,16,162,182,203,100,55,151,168,0,153,18,182,7,16,0,46,3,254,243,249,206,247,243,249,0,249,0,247,11,0,237,0,0,0.818558),(114841,16,51,0,6,0,0,0,7563115,16777215,5524314,13144515,0,58,179,144,137,7,0,165,198,5,4,152,132,8,162,174,16,157,137,156,155,5,18,200,247,243,0,243,218,230,206,242,241,236,247,236,236,253,226,247,0,1.07414);

/*Table structure for table `player_bind_point` */

DROP TABLE IF EXISTS `player_bind_point`;

CREATE TABLE `player_bind_point` (
  `player_id` int(11) NOT NULL,
  `map_id` int(11) NOT NULL,
  `x` float NOT NULL,
  `y` float NOT NULL,
  `z` float NOT NULL,
  `heading` int(3) NOT NULL,
  PRIMARY KEY (`player_id`),
  CONSTRAINT `player_bind_point_ibfk_1` FOREIGN KEY (`player_id`) REFERENCES `players` (`id`) ON DELETE CASCADE
) ENGINE=InnoDB DEFAULT CHARSET=utf8;

/*Data for the table `player_bind_point` */

/*Table structure for table `player_cooldowns` */

DROP TABLE IF EXISTS `player_cooldowns`;

CREATE TABLE `player_cooldowns` (
  `player_id` int(11) NOT NULL,
  `cooldown_id` int(6) NOT NULL,
  `reuse_delay` bigint(13) NOT NULL,
  PRIMARY KEY (`player_id`,`cooldown_id`),
  CONSTRAINT `player_cooldowns_ibfk_1` FOREIGN KEY (`player_id`) REFERENCES `players` (`id`) ON DELETE CASCADE
) ENGINE=InnoDB DEFAULT CHARSET=utf8;

/*Data for the table `player_cooldowns` */

/*Table structure for table `player_effects` */

DROP TABLE IF EXISTS `player_effects`;

CREATE TABLE `player_effects` (
  `player_id` int(11) NOT NULL,
  `skill_id` int(11) NOT NULL,
  `skill_lvl` tinyint(4) NOT NULL,
  `current_time` int(11) NOT NULL,
  `end_time` bigint(13) NOT NULL,
  PRIMARY KEY (`player_id`,`skill_id`),
  CONSTRAINT `player_effects_ibfk_1` FOREIGN KEY (`player_id`) REFERENCES `players` (`id`) ON DELETE CASCADE ON UPDATE CASCADE
) ENGINE=InnoDB DEFAULT CHARSET=utf8;

/*Data for the table `player_effects` */

/*Table structure for table `player_emotions` */

DROP TABLE IF EXISTS `player_emotions`;

CREATE TABLE `player_emotions` (
  `player_id` int(11) NOT NULL,
  `emotion` int(11) NOT NULL,
  `remaining` int(11) NOT NULL DEFAULT '0',
  PRIMARY KEY (`player_id`,`emotion`),
  CONSTRAINT `player_emotions_ibfk_1` FOREIGN KEY (`player_id`) REFERENCES `players` (`id`) ON DELETE CASCADE ON UPDATE CASCADE
) ENGINE=InnoDB DEFAULT CHARSET=utf8;

/*Data for the table `player_emotions` */

/*Table structure for table `player_life_stats` */

DROP TABLE IF EXISTS `player_life_stats`;

CREATE TABLE `player_life_stats` (
  `player_id` int(11) NOT NULL,
  `hp` int(11) NOT NULL DEFAULT '1',
  `mp` int(11) NOT NULL DEFAULT '1',
  `fp` int(11) NOT NULL DEFAULT '1',
  PRIMARY KEY (`player_id`),
  CONSTRAINT `FK_player_life_stats` FOREIGN KEY (`player_id`) REFERENCES `players` (`id`) ON DELETE CASCADE
) ENGINE=InnoDB DEFAULT CHARSET=utf8;

/*Data for the table `player_life_stats` */

insert  into `player_life_stats`(`player_id`,`hp`,`mp`,`fp`) values (114743,2191,2055,60),(114751,305,310,60),(114841,219,170,60);

/*Table structure for table `player_macrosses` */

DROP TABLE IF EXISTS `player_macrosses`;

CREATE TABLE `player_macrosses` (
  `player_id` int(11) NOT NULL,
  `order` int(3) NOT NULL,
  `macro` text NOT NULL,
  UNIQUE KEY `main` (`player_id`,`order`),
  CONSTRAINT `player_macrosses_ibfk_1` FOREIGN KEY (`player_id`) REFERENCES `players` (`id`) ON DELETE CASCADE ON UPDATE CASCADE
) ENGINE=InnoDB DEFAULT CHARSET=utf8;

/*Data for the table `player_macrosses` */

/*Table structure for table `player_motions` */

DROP TABLE IF EXISTS `player_motions`;

CREATE TABLE `player_motions` (
  `player_id` int(11) NOT NULL,
  `motion_id` int(3) NOT NULL,
  `time` int(11) NOT NULL DEFAULT '0',
  `active` tinyint(1) NOT NULL DEFAULT '0',
  PRIMARY KEY (`player_id`,`motion_id`) USING BTREE,
  CONSTRAINT `motions_player_id_fk` FOREIGN KEY (`player_id`) REFERENCES `players` (`id`) ON DELETE CASCADE ON UPDATE CASCADE
) ENGINE=InnoDB DEFAULT CHARSET=utf8;

/*Data for the table `player_motions` */

/*Table structure for table `player_npc_factions` */

DROP TABLE IF EXISTS `player_npc_factions`;

CREATE TABLE `player_npc_factions` (
  `player_id` int(11) NOT NULL,
  `faction_id` int(2) NOT NULL,
  `active` tinyint(1) NOT NULL,
  `time` int(11) NOT NULL,
  `state` enum('NOTING','START','COMPLETE') NOT NULL DEFAULT 'NOTING',
  `quest_id` int(6) NOT NULL DEFAULT '0',
  PRIMARY KEY (`player_id`,`faction_id`),
  CONSTRAINT `player_npc_factions_ibfk_1` FOREIGN KEY (`player_id`) REFERENCES `players` (`id`) ON DELETE CASCADE ON UPDATE CASCADE
) ENGINE=InnoDB DEFAULT CHARSET=utf8;

/*Data for the table `player_npc_factions` */

/*Table structure for table `player_passkey` */

DROP TABLE IF EXISTS `player_passkey`;

CREATE TABLE `player_passkey` (
  `account_id` int(11) NOT NULL,
  `passkey` varchar(32) NOT NULL DEFAULT '',
  PRIMARY KEY (`account_id`,`passkey`)
) ENGINE=InnoDB DEFAULT CHARSET=utf8;

/*Data for the table `player_passkey` */

/*Table structure for table `player_pets` */

DROP TABLE IF EXISTS `player_pets`;

CREATE TABLE `player_pets` (
  `player_id` int(11) NOT NULL,
  `pet_id` int(11) NOT NULL,
  `decoration` int(11) NOT NULL,
  `name` varchar(255) NOT NULL,
  `hungry_level` tinyint(4) NOT NULL DEFAULT '0',
  `feed_progress` int(11) NOT NULL DEFAULT '0',
  `reuse_time` bigint(20) NOT NULL DEFAULT '0',
  `birthday` timestamp NOT NULL DEFAULT CURRENT_TIMESTAMP,
  `mood_started` bigint(20) NOT NULL DEFAULT '0',
  `counter` int(11) NOT NULL DEFAULT '0',
  `mood_cd_started` bigint(20) NOT NULL DEFAULT '0',
  `gift_cd_started` bigint(20) NOT NULL DEFAULT '0',
  `dopings` varchar(80) CHARACTER SET ascii DEFAULT NULL,
  `despawn_time` timestamp NULL DEFAULT NULL,
  PRIMARY KEY (`player_id`,`pet_id`),
  CONSTRAINT `FK_player_pets` FOREIGN KEY (`player_id`) REFERENCES `players` (`id`) ON DELETE CASCADE
) ENGINE=InnoDB DEFAULT CHARSET=utf8;

/*Data for the table `player_pets` */

/*Table structure for table `player_punishments` */

DROP TABLE IF EXISTS `player_punishments`;

CREATE TABLE `player_punishments` (
  `player_id` int(11) NOT NULL,
  `punishment_type` enum('PRISON','GATHER','CHARBAN') NOT NULL,
  `start_time` int(10) unsigned DEFAULT '0',
  `duration` int(10) unsigned DEFAULT '0',
  `reason` text,
  PRIMARY KEY (`player_id`,`punishment_type`),
  CONSTRAINT `player_punishments_ibfk_1` FOREIGN KEY (`player_id`) REFERENCES `players` (`id`) ON DELETE CASCADE ON UPDATE CASCADE
) ENGINE=InnoDB DEFAULT CHARSET=utf8;

/*Data for the table `player_punishments` */

/*Table structure for table `player_quests` */

DROP TABLE IF EXISTS `player_quests`;

CREATE TABLE `player_quests` (
  `player_id` int(11) NOT NULL,
  `quest_id` int(10) unsigned NOT NULL DEFAULT '0',
  `status` varchar(10) NOT NULL DEFAULT 'NONE',
  `quest_vars` int(10) unsigned NOT NULL DEFAULT '0',
  `complete_count` int(3) unsigned NOT NULL DEFAULT '0',
  `next_repeat_time` timestamp NULL DEFAULT NULL,
  `reward` smallint(3) DEFAULT NULL,
  `complete_time` timestamp NULL DEFAULT NULL,
  PRIMARY KEY (`player_id`,`quest_id`),
  CONSTRAINT `player_quests_ibfk_1` FOREIGN KEY (`player_id`) REFERENCES `players` (`id`) ON DELETE CASCADE ON UPDATE CASCADE
) ENGINE=InnoDB DEFAULT CHARSET=utf8;

/*Data for the table `player_quests` */

insert  into `player_quests`(`player_id`,`quest_id`,`status`,`quest_vars`,`complete_count`,`next_repeat_time`,`reward`,`complete_time`) values (114743,2000,'COMPLETE',0,1,NULL,0,'2014-06-26 17:09:32'),(114743,2008,'COMPLETE',0,0,NULL,0,NULL),(114743,2009,'COMPLETE',0,0,NULL,0,NULL),(114743,2042,'LOCKED',0,0,NULL,0,NULL),(114743,2132,'REWARD',5,0,NULL,0,NULL),(114743,2900,'START',1,0,NULL,0,NULL),(114743,2945,'START',0,0,NULL,0,NULL),(114743,2946,'LOCKED',0,0,NULL,0,NULL),(114743,2947,'LOCKED',0,0,NULL,0,NULL),(114743,2948,'START',0,0,NULL,0,NULL),(114743,4913,'START',0,0,NULL,0,NULL),(114743,20080,'START',0,0,NULL,0,NULL),(114743,20081,'LOCKED',0,0,NULL,0,NULL),(114743,20082,'LOCKED',0,0,NULL,0,NULL),(114743,20083,'LOCKED',0,0,NULL,0,NULL),(114743,20084,'LOCKED',0,0,NULL,0,NULL),(114743,20085,'LOCKED',0,0,NULL,0,NULL),(114743,20091,'LOCKED',0,0,NULL,0,NULL),(114743,20092,'LOCKED',0,0,NULL,0,NULL),(114743,20093,'LOCKED',0,0,NULL,0,NULL),(114743,29070,'LOCKED',0,0,NULL,0,NULL),(114743,48000,'START',0,0,NULL,0,NULL),(114743,48001,'START',0,0,NULL,0,NULL),(114743,48002,'START',0,0,NULL,0,NULL),(114751,1000,'COMPLETE',0,1,NULL,0,'2014-08-20 20:14:45'),(114751,1101,'START',0,0,NULL,0,NULL),(114751,1205,'REWARD',5,0,NULL,0,NULL),(114841,2000,'COMPLETE',0,1,NULL,0,'2014-06-26 18:47:54'),(114841,2101,'COMPLETE',0,1,NULL,0,'2014-06-26 18:48:35'),(114841,2102,'START',0,0,NULL,0,NULL);

/*Table structure for table `player_recipes` */

DROP TABLE IF EXISTS `player_recipes`;

CREATE TABLE `player_recipes` (
  `player_id` int(11) NOT NULL,
  `recipe_id` int(11) NOT NULL,
  PRIMARY KEY (`player_id`,`recipe_id`),
  CONSTRAINT `player_recipes_ibfk_1` FOREIGN KEY (`player_id`) REFERENCES `players` (`id`) ON DELETE CASCADE ON UPDATE CASCADE
) ENGINE=InnoDB DEFAULT CHARSET=utf8;

/*Data for the table `player_recipes` */

insert  into `player_recipes`(`player_id`,`recipe_id`) values (114743,155005001),(114743,155005002),(114743,155005005);

/*Table structure for table `player_registered_items` */

DROP TABLE IF EXISTS `player_registered_items`;

CREATE TABLE `player_registered_items` (
  `player_id` int(10) NOT NULL,
  `item_unique_id` int(10) NOT NULL,
  `item_id` int(10) NOT NULL,
  `expire_time` int(20) DEFAULT NULL,
  `color` int(11) DEFAULT NULL,
  `color_expires` int(11) NOT NULL DEFAULT '0',
  `owner_use_count` int(10) NOT NULL DEFAULT '0',
  `visitor_use_count` int(10) NOT NULL DEFAULT '0',
  `x` float NOT NULL DEFAULT '0',
  `y` float NOT NULL DEFAULT '0',
  `z` float NOT NULL DEFAULT '0',
  `h` smallint(3) DEFAULT NULL,
  `area` enum('NONE','INTERIOR','EXTERIOR','ALL','DECOR') NOT NULL DEFAULT 'NONE',
  PRIMARY KEY (`player_id`,`item_unique_id`,`item_id`),
  CONSTRAINT `player_regitems_ibfk_1` FOREIGN KEY (`player_id`) REFERENCES `players` (`id`) ON DELETE CASCADE ON UPDATE CASCADE
) ENGINE=InnoDB DEFAULT CHARSET=utf8;

/*Data for the table `player_registered_items` */

/*Table structure for table `player_settings` */

DROP TABLE IF EXISTS `player_settings`;

CREATE TABLE `player_settings` (
  `player_id` int(11) NOT NULL,
  `settings_type` tinyint(1) NOT NULL,
  `settings` blob NOT NULL,
  PRIMARY KEY (`player_id`,`settings_type`),
  CONSTRAINT `ps_pl_fk` FOREIGN KEY (`player_id`) REFERENCES `players` (`id`) ON DELETE CASCADE ON UPDATE CASCADE
) ENGINE=InnoDB DEFAULT CHARSET=utf8;

/*Data for the table `player_settings` */

insert  into `player_settings`(`player_id`,`settings_type`,`settings`) values (114743,-2,'0'),(114743,-1,'0'),(114743,0,'\r\0\0Q\0\0x\\;o$\'.7Xn8pZ#ƚju#8rfHc uOWdUQ${~žc߳/lfv>\r{f؎}`5z);vאcw+do߳s\r\r0>=;*yz\rWs^wp#H}\'߱?&PRt/p9\09㘟NẃCXhwzqJ]e>Ci\07Y/Ch{xԓԪx9+CsNYM17?t[ݜ+nO\0sw\'q@I#b$	NU>3<aOuluWџ{{?{_AGuOp>]\r?~G.F#ȖK&ôܗW/e%>_*GS*1<oc:s{-xŢ\0~x%p-}\'\\>c-mGhNW8vت,|\ZGqӸ<_eG8JU+5㨮+%㨾+C\"ioAg_:uה>-K^V5];`-gIGOn=&f#5fkTנ$14(CY֮4W^b;-*ϕNsӢb\\;36h3H[w&H}s)͝I^{⧼\"$͟SXDOqS>aݻ)ܔ0~UVwR4/d\"B&s82sQ++OU3Յ*CR/\nBpM!_#.Rp|HJ1\"~xQykskw0>@$\0<Gn>G5JzWa0!0\\jq2a&ҹXN b._/kx\"f\nbeѷ<ݢIc5>q]\Z2ђsþ55nRbmypZ^)O0|VkGԝl%+F3=Jh!Da4X+Zr|C=>\rk]xLԎ\r8ʨ|77/nrnv \'y݂k\'<i<ޔ/PK2ݽ#]SSl)2=UklW+Ҋ}`/Rne\ZZ\rڔ8t9^T]vL*wt\Z8	reBFU2?~-3Q&+>\\7!fyutd%Pb:VMRn14bS^pʡ-A|mq&!s+\Z@}\0	pڃZ\Zkpյ!p]azպ1(DKiT2DM2JGfGֻ6ԞlLGbZILg0jV0Z5RAGR3ntMF״r57Iq\ZD\nkGhsH}2Jbct9k.DZQctY*8j\r-7%HOj-RijvCHkTPAQVijlsPZ\ZmCF)Nɠ&RXϤstc(wDKl2GRz\ncVz\r]SsRfo4Of<hF_p7z8{gT#[7hҳQ`l q7Ĭbp,\Z\r)\\h#t}{Gwp<UhYO茖<3Q7:h3ѱGGwEFgdH&cS5U&.;$e)-\Z63JK$3zF:$etLFuDb#B:DTQ9ޘB\ZLɸO\\*ӱSyVN0$\"$@)7:QO7I]^?R%)NiNg_\'H9GIa\0KƂ<1+NL5=>K}K9k򀗶3I7LtO\'d)Hcxx5t\\[J*UҦё`X{tqt_##YG2zK~	SH+\'HRaُԎg\Z/W5wS-5-ʝϝڳ^KrH-ϋsçr=;4)ڙ}bB,)ګ}=7||i;f{fԙpv+r.)T^/wvq+f.KF!m-1WmR+6+<wR8$Amkl1fب{ybM˒i&5~xӺa5ӻ(y\\	/>51Gr\0qRbDo|q9[{QdH~w?AVovYȡqRY$y2Z-kh>/r̓;PzIٹ:Cݩ?\'QY}R$tuW}HgOyFhC9t9)\\͡%<RnWLWb\\[ђ\0E!G6qCkvrBx^*\Zm#<.Jw<L!]WA@o\\JBge9BvqbFCLq.q!\ZEZjA[eAϮTe[c؟ULK籧c)<Li\'ѣ+55]2٢]yH=?%챓QT7c\'bN.Rw*(0ļ%%>00=8!kfq|KI3>SOII|$9GUye$t~c\\u-4w(-^8J?E};MbJk$Twܐ\'{~Uz@	θ>gZŏc):ȔSS8%jVwQȡ5fhwxV=Ki#ZcD%H{M!F37;?3\\䑚󉽙 .O`ۅY#I1{16(]j9ϡ\r+ڦ;90y\\	T[cl,XʠNԪNi2),wU>g5.V|78EH-Y2LQG%Z<?3S,KJ3X>=9\'OYG4Fo\r2l?[VQ*$b<DMFpmiǮd#ba\r15^#O%OClh9b9j9j9b9b9b9bGkyb:\Z~y}w\ZEamWZ}'),(114743,1,'\0\0\0\0\0xPEWTCbHH}B	\Z=fDFޜYw:7Rreˆ,YãMZR<\\gR=F1d@^.2Eܱ˒YkhtTik(G&W	9Uۦ	H܈\'Ǧe}m?뉞ayXg+\'|ଌT#P7GWyߜOEX4'),(114743,2,'\0\0\0\0\0\0x1@D-	w 6T\n\'.q#++gf,ؒ2p%↣bرdÊ@$^J5\'5P[O\'}EcJsj\n5Z56ڮDKQVԉ\'rF{,'),(114751,-2,'0'),(114751,-1,'0'),(114751,0,'\r\0\0Q\0\0x\\n+e}M.f?&\\_oHf-K\"YJ\'|TU|7M\"n5O\"o#~%߉VlYAţx;\' e\'n\nRwSW@u;q!g\'rOo\Z$~w[H?xcE,[W#0\\|z(4T|{<Ϙ%XBw|^ssNCȍA~\rZ)xk@=[rUUi B. ]]yy-CsK@,\ZM1w}w趘9tWݞ/=sgqG;b1b[h1T_f{|ЎK|KKTu}	v\\/:³OpWGa_x˩Q^b辇2}e^YI~?*O_eh˻b̿1!۔gtⵁ蹜᜘!h.O$u3Uz:}T[p=h1y/_(mc9WcϲŽh\Z,WkQmWKQ]W+(Eof*zj_6Ruל=˼jk`kF\"P#At\rX\ZV#i^_˦z\Z5^Fm-tU0F5ECsECsECv8X?@\n454AvwNus2ۛs\\T8Dsh9n.&}77#ѽ#Φ_5.$8pC4=s\\G+=+z\0[\\]XDmHWWqd!_.c}CW9\\	_Gp<ӏwyq.qR.gG	?B<ouw^\"U65(;\n)(c1rg#GUhG0ɠ3jTj%ĸ\'jVvO8ZPm#<MZ<S\r}>k\\;Yb<8\'ƺrhFVkdIb׌Oh;%K0=J!\naZ+RVbCՆ=>K]*t\0Jq9S{}Xѣy|,]r7nܮ-Ahۓyn\rSґto:MC.LJSN\Z<MSH۪֫%`Unվ!?yc{x-֔[|J-|@B+a]Yټ~ǋ.zXo$G=+$p\'Z-pDXюni=۟	,s1:seǛUb^cU1?35\ZeFY1?W5\ZuV1<OXcsxjr_S͡`AºwVTkA\rЗU5 }b\'pރjqյfpma:kDiЈ2ZDia1*k͖-we-=4ӱb8U^#Oa+9x}kkimǙuIkk>uZZ[wuc#e=Wfh1ڲgW[[zlբڒLnmg#姱y\nUy(#RqjyvrCqj=+\r2xuʠF\ZYC\"ֳyeztVX{9k[r<|\n|Ky.Y<ߚu<\nc5ڝp\\w^Vez=TDg=`G+cڥp\\4̨<z\r9\\x|y\0Ǘp!W!hQ2l<ԙ:u#3T5k:!yfz҄4z}F3yhzlՙړ!?XX;vYʕ`Ϋ\\,΍«ܩ\n\"͌+ogfH2KϦ9cںڑEƊ~lVAX><(9a<̌J7\Z_Qf}uK=kʈ{4&2-͓IbJTrQUkk\Z??.?58Zh:!˵asH[ff\rvE?~$RyE%\n#V5wjR5-NYk%ĽŽd5x)ߋgz&t\\;OV6u>t\\{of3\"0q[O{\\/	{-K^Y㧝_y{Q=NOJϫ-۟\"	/-1WvSK6+<Qr8b=STmHժ0=pg¼pIaIU=E%.<O61GŞ\0uRbTk׭r=]:2g>~q&;b{+nVS0RyNecPGOJ}@sX}=%W&^~N#YsѥY<o!syvQNz>.✞C\'zS7SU\'2hb=sBPϦN|9Z<P)W<%r(B6t˿yC\\7ހ>걔ۉ$bvubƜCqNq1\n\'jj\ZIǵ2i\'=kiL,BS)iw:;LlN*%15K=H52hэqZJcᩧ4{dT*IT*K\n34tch]CecTcLsRp=9xT)符9XUF/AZ[lL7<ցU^؛:Kc\'j$^?iP\\7Yޓ)/?ѥURX܏ipJ124sS8Gzo{=c̡\rf-z{[%<	f%H#_nc束vy摆Y% Xg]#)cQ;Y0Ü0t&Nz>L+|KMK><yi7ӥreZYE{|WD_п@\\qyE[PbZs!K;e,:U8RE-`t60Ka8U!C>zGelo\ntcl[&V&2Kq$g@	\\5nO[q-D-/F8S3ZaNϧiNR\\16&Mҗ/7	_n$|Ig¡L*țC>U8M\Zg폸'),(114751,1,'\0\0\0B\0\0x@?[whi&;OZ(AP?E7sҠc!w13~;3wJ	cÕ\'PPQ%&R~j21&SH@8?U<bv\'ln:[r}ꑋ231\'&}{cg7tO3;s;uɪ/䔯-2^AɳP~Nb|+(LٛV|yeorOsQ)'),(114751,2,'\0\0\0\0\0\0x1@D-	w 6T\n\'.q#++gf,ؒ2p%↣bرdÊ@$^J5\'5P[O\'}EcJsj\n5Z56ڮDKQVԉ\'rF{,');

/*Table structure for table `player_skills` */

DROP TABLE IF EXISTS `player_skills`;

CREATE TABLE `player_skills` (
  `player_id` int(11) NOT NULL,
  `skill_id` int(11) NOT NULL,
  `skill_level` int(3) NOT NULL DEFAULT '1',
  PRIMARY KEY (`player_id`,`skill_id`),
  CONSTRAINT `player_skills_ibfk_1` FOREIGN KEY (`player_id`) REFERENCES `players` (`id`) ON DELETE CASCADE ON UPDATE CASCADE
) ENGINE=InnoDB DEFAULT CHARSET=utf8;

/*Data for the table `player_skills` */

insert  into `player_skills`(`player_id`,`skill_id`,`skill_level`) values (114743,4,1),(114743,5,1),(114743,13,1),(114743,67,1),(114743,76,1),(114743,79,1),(114743,96,1),(114743,97,1),(114743,102,1),(114743,112,1),(114743,143,1),(114743,366,1),(114743,1801,1),(114743,1803,9),(114743,1804,9),(114743,1805,9),(114743,1823,9),(114743,1824,9),(114743,1825,9),(114743,1826,9),(114743,1827,9),(114743,1828,9),(114743,1968,1),(114743,2672,8),(114743,2673,8),(114743,3304,9),(114743,3317,9),(114743,3339,9),(114743,3340,9),(114743,3341,9),(114743,3342,9),(114743,3343,9),(114743,3344,2),(114743,3351,9),(114743,3352,9),(114743,3353,9),(114743,3354,9),(114743,3355,9),(114743,3356,5),(114743,3375,9),(114743,3376,9),(114743,3377,9),(114743,3378,9),(114743,3379,9),(114743,3380,5),(114743,3391,9),(114743,3512,1),(114743,3568,9),(114743,3569,9),(114743,3570,9),(114743,3571,8),(114743,3597,1),(114743,3598,1),(114743,3599,1),(114743,3600,1),(114743,3601,1),(114743,3602,9),(114743,3603,9),(114743,3604,9),(114743,3605,9),(114743,3606,8),(114743,3607,1),(114743,3608,1),(114743,3609,9),(114743,3610,9),(114743,3611,9),(114743,3612,9),(114743,3613,5),(114743,3614,1),(114743,3615,1),(114743,3616,1),(114743,3617,1),(114743,3618,1),(114743,3619,1),(114743,3620,9),(114743,3621,9),(114743,3622,9),(114743,3623,9),(114743,3624,9),(114743,3625,9),(114743,3626,9),(114743,3627,8),(114743,3628,9),(114743,3629,9),(114743,3630,9),(114743,3631,9),(114743,3632,2),(114743,3633,3),(114743,3634,9),(114743,3635,9),(114743,3636,2),(114743,3637,9),(114743,3640,9),(114743,3643,9),(114743,3646,9),(114743,3649,8),(114743,3652,9),(114743,3653,9),(114743,3654,9),(114743,3655,2),(114743,3656,1),(114743,3657,1),(114743,3658,1),(114743,3659,1),(114743,3660,1),(114743,3661,1),(114743,3662,9),(114743,3663,9),(114743,3664,9),(114743,3665,9),(114743,3666,8),(114743,3667,9),(114743,3668,9),(114743,3669,9),(114743,3670,9),(114743,3671,5),(114743,3672,9),(114743,3673,9),(114743,3674,9),(114743,3675,8),(114743,3676,9),(114743,3677,2),(114743,3678,6),(114743,3679,9),(114743,3680,9),(114743,3681,1),(114743,3684,1),(114743,3687,1),(114743,3690,1),(114743,3693,1),(114743,3696,1),(114743,3699,1),(114743,3702,1),(114743,3705,1),(114743,3708,1),(114743,3711,1),(114743,3714,1),(114743,3717,1),(114743,3720,9),(114743,3721,9),(114743,3722,9),(114743,3723,9),(114743,3724,8),(114743,3725,9),(114743,3726,9),(114743,3727,5),(114743,3728,9),(114743,3729,9),(114743,3730,9),(114743,3731,2),(114743,3732,1),(114743,3733,1),(114743,3734,1),(114743,3735,1),(114743,3736,1),(114743,3737,1),(114743,3738,1),(114743,3739,9),(114743,3740,9),(114743,3741,6),(114743,3742,7),(114743,3743,1),(114743,3744,1),(114743,3745,1),(114743,3746,1),(114743,3747,1),(114743,3748,1),(114743,3749,1),(114743,3750,1),(114743,3751,1),(114743,3752,1),(114743,3753,1),(114743,3754,1),(114743,3755,1),(114743,3756,1),(114743,3757,1),(114743,3758,1),(114743,3759,1),(114743,3760,2),(114743,3761,9),(114743,3762,9),(114743,3763,9),(114743,3764,8),(114743,3766,9),(114743,3767,9),(114743,3768,9),(114743,3769,9),(114743,3770,2),(114743,3771,1),(114743,3772,1),(114743,3773,1),(114743,3774,1),(114743,3775,1),(114743,3776,1),(114743,3777,1),(114743,3778,1),(114743,3779,1),(114743,3780,1),(114743,3781,1),(114743,3782,1),(114743,3783,1),(114743,3784,1),(114743,3785,1),(114743,3786,1),(114743,3787,1),(114743,3788,1),(114743,3789,1),(114743,3790,1),(114743,3791,1),(114743,3792,1),(114743,3793,1),(114743,3794,9),(114743,3795,9),(114743,3796,2),(114743,3797,1),(114743,3798,1),(114743,3799,1),(114743,3800,1),(114743,3801,1),(114743,3802,1),(114743,3803,1),(114743,3804,1),(114743,3807,1),(114743,3808,1),(114743,3809,1),(114743,3810,1),(114743,3811,1),(114743,3812,1),(114743,3813,1),(114743,3814,1),(114743,3815,1),(114743,3816,1),(114743,3817,1),(114743,3819,1),(114743,3820,1),(114743,3821,1),(114743,3822,1),(114743,3823,1),(114743,3824,1),(114743,3825,1),(114743,3826,1),(114743,3827,1),(114743,3828,1),(114743,3829,1),(114743,3830,1),(114743,3831,1),(114743,3832,1),(114743,3833,1),(114743,3834,1),(114743,3835,1),(114743,3836,1),(114743,3837,1),(114743,3838,9),(114743,3839,9),(114743,3840,9),(114743,3841,6),(114743,3842,1),(114743,3843,1),(114743,3844,9),(114743,3845,9),(114743,3846,2),(114743,3847,9),(114743,3848,9),(114743,3849,9),(114743,3850,9),(114743,3853,1),(114743,30002,1),(114743,30003,1),(114743,40009,1),(114751,4,1),(114751,5,1),(114751,67,1),(114751,76,1),(114751,1801,1),(114751,1803,3),(114751,3351,1),(114751,3375,3),(114751,3512,1),(114751,30001,1),(114841,4,1),(114841,5,1),(114841,67,1),(114841,76,1),(114841,1801,1),(114841,1803,2),(114841,3375,2),(114841,3512,1),(114841,30001,1);

/*Table structure for table `player_titles` */

DROP TABLE IF EXISTS `player_titles`;

CREATE TABLE `player_titles` (
  `player_id` int(11) NOT NULL,
  `title_id` int(11) NOT NULL,
  `remaining` int(11) NOT NULL DEFAULT '0',
  PRIMARY KEY (`player_id`,`title_id`),
  CONSTRAINT `player_titles_ibfk_1` FOREIGN KEY (`player_id`) REFERENCES `players` (`id`) ON DELETE CASCADE ON UPDATE CASCADE
) ENGINE=InnoDB DEFAULT CHARSET=utf8;

/*Data for the table `player_titles` */

/*Table structure for table `player_vars` */

DROP TABLE IF EXISTS `player_vars`;

CREATE TABLE `player_vars` (
  `player_id` int(11) NOT NULL,
  `param` varchar(255) NOT NULL,
  `value` varchar(255) DEFAULT NULL,
  `time` varchar(200) DEFAULT NULL,
  PRIMARY KEY (`player_id`,`param`),
  CONSTRAINT `player_vars_ibfk_1` FOREIGN KEY (`player_id`) REFERENCES `players` (`id`) ON DELETE CASCADE ON UPDATE CASCADE
) ENGINE=InnoDB DEFAULT CHARSET=utf8;

/*Data for the table `player_vars` */

/*Table structure for table `players` */

DROP TABLE IF EXISTS `players`;

CREATE TABLE `players` (
  `id` int(11) NOT NULL,
  `name` varchar(50) NOT NULL,
  `account_id` int(11) NOT NULL,
  `account_name` varchar(50) NOT NULL,
  `exp` bigint(20) NOT NULL DEFAULT '0',
  `recoverexp` bigint(20) NOT NULL DEFAULT '0',
  `x` float NOT NULL,
  `y` float NOT NULL,
  `z` float NOT NULL,
  `heading` int(11) NOT NULL,
  `world_id` int(11) NOT NULL,
  `world_owner` int(11) NOT NULL DEFAULT '0',
  `gender` enum('MALE','FEMALE') NOT NULL,
  `race` enum('ASMODIANS','ELYOS') NOT NULL,
  `player_class` enum('WARRIOR','GLADIATOR','TEMPLAR','SCOUT','ASSASSIN','RANGER','MAGE','SORCERER','SPIRIT_MASTER','PRIEST','CLERIC','CHANTER','ENGINEER','GUNNER','RIDER','ARTIST','BARD') NOT NULL,
  `creation_date` timestamp NULL DEFAULT NULL,
  `deletion_date` timestamp NULL DEFAULT NULL,
  `last_online` timestamp NULL DEFAULT NULL ON UPDATE CURRENT_TIMESTAMP,
  `quest_expands` tinyint(1) NOT NULL DEFAULT '0',
  `npc_expands` tinyint(1) NOT NULL DEFAULT '0',
  `advenced_stigma_slot_size` tinyint(1) NOT NULL DEFAULT '0',
  `warehouse_size` tinyint(1) NOT NULL DEFAULT '0',
  `mailbox_letters` tinyint(4) unsigned NOT NULL DEFAULT '0',
  `title_id` int(3) NOT NULL DEFAULT '-1',
  `bonus_title_id` int(3) NOT NULL DEFAULT '-1',
  `dp` int(3) NOT NULL DEFAULT '0',
  `soul_sickness` tinyint(1) unsigned NOT NULL DEFAULT '0',
  `reposte_energy` bigint(20) NOT NULL DEFAULT '0',
  `online` tinyint(1) NOT NULL DEFAULT '0',
  `note` text,
  `mentor_flag_time` int(11) NOT NULL DEFAULT '0',
  `last_transfer_time` decimal(20,0) NOT NULL DEFAULT '0',
  PRIMARY KEY (`id`),
  UNIQUE KEY `name_unique` (`name`),
  KEY `account_id` (`account_id`)
) ENGINE=InnoDB DEFAULT CHARSET=utf8;

/*Data for the table `players` */

insert  into `players`(`id`,`name`,`account_id`,`account_name`,`exp`,`recoverexp`,`x`,`y`,`z`,`heading`,`world_id`,`world_owner`,`gender`,`race`,`player_class`,`creation_date`,`deletion_date`,`last_online`,`quest_expands`,`npc_expands`,`advenced_stigma_slot_size`,`warehouse_size`,`mailbox_letters`,`title_id`,`bonus_title_id`,`dp`,`soul_sickness`,`reposte_energy`,`online`,`note`,`mentor_flag_time`,`last_transfer_time`) values (114743,'Admin',1,'admin',5085022098,0,541.651,206.055,93.4796,1,120080000,0,'FEMALE','ASMODIANS','RIDER','2014-06-26 17:09:19',NULL,'2014-06-26 18:47:22',0,0,11,0,0,-1,-1,0,0,0,0,NULL,0,0),(114751,'游戏大镖客',2,'123456',2961,0,1177.25,1038.59,135.785,37,210010000,0,'FEMALE','ELYOS','ENGINEER','2014-08-20 20:14:27',NULL,'2014-08-20 20:34:57',0,0,11,0,0,-1,-1,0,0,0,0,NULL,0,0),(114841,'灰色枫叶',1,'admin',2055,0,425.458,2773.66,288.762,108,220010000,0,'FEMALE','ASMODIANS','ENGINEER','2014-06-26 18:47:44',NULL,'2014-06-26 20:00:14',0,0,11,0,0,-1,-1,0,0,0,0,NULL,0,0);

/*Table structure for table `portal_cooldowns` */

DROP TABLE IF EXISTS `portal_cooldowns`;

CREATE TABLE `portal_cooldowns` (
  `player_id` int(11) NOT NULL,
  `world_id` int(11) NOT NULL,
  `reuse_time` bigint(13) NOT NULL,
  `count` int(2) NOT NULL DEFAULT '0',
  PRIMARY KEY (`player_id`,`world_id`),
  CONSTRAINT `portal_cooldowns_ibfk_1` FOREIGN KEY (`player_id`) REFERENCES `players` (`id`) ON DELETE CASCADE ON UPDATE CASCADE
) ENGINE=InnoDB DEFAULT CHARSET=utf8;

/*Data for the table `portal_cooldowns` */

/*Table structure for table `server_variables` */

DROP TABLE IF EXISTS `server_variables`;

CREATE TABLE `server_variables` (
  `key` varchar(30) NOT NULL,
  `value` varchar(30) NOT NULL,
  PRIMARY KEY (`key`)
) ENGINE=InnoDB DEFAULT CHARSET=utf8;

/*Data for the table `server_variables` */

insert  into `server_variables`(`key`,`value`) values ('auctionProlonged','0'),('auctionTime','1408853100'),('houseMaintainTime','1408896000'),('time','1754');

/*Table structure for table `siege_locations` */

DROP TABLE IF EXISTS `siege_locations`;

CREATE TABLE `siege_locations` (
  `id` int(11) NOT NULL,
  `race` enum('ELYOS','ASMODIANS','BALAUR') NOT NULL,
  `legion_id` int(11) NOT NULL,
  PRIMARY KEY (`id`)
) ENGINE=InnoDB DEFAULT CHARSET=utf8;

/*Data for the table `siege_locations` */

insert  into `siege_locations`(`id`,`race`,`legion_id`) values (1011,'BALAUR',0),(1012,'BALAUR',0),(1013,'BALAUR',0),(1014,'BALAUR',0),(1015,'BALAUR',0),(1016,'BALAUR',0),(1017,'BALAUR',0),(1018,'BALAUR',0),(1019,'BALAUR',0),(1020,'BALAUR',0),(1131,'BALAUR',0),(1132,'BALAUR',0),(1133,'BALAUR',0),(1134,'BALAUR',0),(1135,'BALAUR',0),(1141,'BALAUR',0),(1142,'BALAUR',0),(1143,'BALAUR',0),(1144,'BALAUR',0),(1145,'BALAUR',0),(1146,'BALAUR',0),(1211,'BALAUR',0),(1212,'BALAUR',0),(1213,'BALAUR',0),(1214,'BALAUR',0),(1215,'BALAUR',0),(1221,'BALAUR',0),(1222,'BALAUR',0),(1223,'BALAUR',0),(1224,'BALAUR',0),(1231,'BALAUR',0),(1232,'BALAUR',0),(1233,'BALAUR',0),(1241,'BALAUR',0),(1242,'BALAUR',0),(1243,'BALAUR',0),(1251,'BALAUR',0),(1252,'BALAUR',0),(1253,'BALAUR',0),(1254,'BALAUR',0),(1401,'BALAUR',0),(1402,'BALAUR',0),(1403,'BALAUR',0),(2011,'BALAUR',0),(2012,'BALAUR',0),(2013,'BALAUR',0),(2021,'BALAUR',0),(2022,'BALAUR',0),(2023,'BALAUR',0),(2111,'BALAUR',0),(3011,'BALAUR',0),(3012,'BALAUR',0),(3013,'BALAUR',0),(3021,'BALAUR',0),(3022,'BALAUR',0),(3023,'BALAUR',0),(3111,'BALAUR',0),(4011,'BALAUR',0),(4012,'BALAUR',0),(4013,'BALAUR',0),(4021,'BALAUR',0),(4022,'BALAUR',0),(4023,'BALAUR',0),(4031,'BALAUR',0),(4032,'BALAUR',0),(4033,'BALAUR',0),(4041,'BALAUR',0),(4042,'BALAUR',0),(4043,'BALAUR',0),(4051,'BALAUR',0),(4052,'BALAUR',0),(4053,'BALAUR',0),(5011,'BALAUR',0),(6011,'BALAUR',0),(6021,'BALAUR',0);

/*Table structure for table `skill_motions` */

DROP TABLE IF EXISTS `skill_motions`;

CREATE TABLE `skill_motions` (
  `motion_name` varchar(255) NOT NULL DEFAULT '',
  `skill_id` int(11) NOT NULL,
  `attack_speed` int(11) NOT NULL,
  `weapon_type` varchar(255) NOT NULL,
  `off_weapon_type` varchar(255) NOT NULL,
  `race` varchar(255) NOT NULL,
  `gender` varchar(255) NOT NULL,
  `time` int(11) NOT NULL DEFAULT '0',
  PRIMARY KEY (`motion_name`,`skill_id`,`attack_speed`,`weapon_type`,`off_weapon_type`,`gender`)
) ENGINE=InnoDB DEFAULT CHARSET=utf8;

/*Data for the table `skill_motions` */

/*Table structure for table `surveys` */

DROP TABLE IF EXISTS `surveys`;

CREATE TABLE `surveys` (
  `unique_id` int(11) NOT NULL AUTO_INCREMENT,
  `owner_id` int(11) NOT NULL,
  `item_id` int(11) NOT NULL,
  `item_count` decimal(20,0) NOT NULL DEFAULT '1',
  `html_text` text NOT NULL,
  `html_radio` varchar(100) NOT NULL DEFAULT 'accept',
  `used` tinyint(1) NOT NULL DEFAULT '0',
  `used_time` varchar(100) NOT NULL DEFAULT '',
  PRIMARY KEY (`unique_id`),
  KEY `owner_id` (`owner_id`),
  CONSTRAINT `surveys_ibfk_1` FOREIGN KEY (`owner_id`) REFERENCES `players` (`id`) ON DELETE CASCADE ON UPDATE CASCADE
) ENGINE=InnoDB DEFAULT CHARSET=utf8;

/*Data for the table `surveys` */

/*Table structure for table `tasks` */

DROP TABLE IF EXISTS `tasks`;

CREATE TABLE `tasks` (
  `id` int(5) NOT NULL AUTO_INCREMENT,
  `task_type` enum('SHUTDOWN','RESTART') NOT NULL,
  `trigger_type` enum('FIXED_IN_TIME') NOT NULL,
  `trigger_param` text NOT NULL,
  `exec_param` text,
  PRIMARY KEY (`id`)
) ENGINE=InnoDB DEFAULT CHARSET=utf8;

/*Data for the table `tasks` */

/*Table structure for table `towns` */

DROP TABLE IF EXISTS `towns`;

CREATE TABLE `towns` (
  `id` int(11) NOT NULL,
  `level` int(11) NOT NULL,
  `points` int(10) NOT NULL,
  `race` enum('ELYOS','ASMODIANS') NOT NULL,
  `level_up_date` timestamp NOT NULL DEFAULT CURRENT_TIMESTAMP ON UPDATE CURRENT_TIMESTAMP,
  PRIMARY KEY (`id`)
) ENGINE=InnoDB DEFAULT CHARSET=utf8;

/*Data for the table `towns` */

insert  into `towns`(`id`,`level`,`points`,`race`,`level_up_date`) values (1001,1,0,'ELYOS','2014-06-26 17:07:42'),(1002,1,0,'ELYOS','2014-06-26 17:07:42'),(1003,1,0,'ELYOS','2014-06-26 17:07:41'),(1004,1,0,'ELYOS','2014-06-26 17:07:41'),(1005,1,0,'ELYOS','2014-06-26 17:07:41'),(1006,1,0,'ELYOS','2014-06-26 17:07:41'),(1007,1,0,'ELYOS','2014-06-26 17:07:41'),(1008,1,0,'ELYOS','2014-06-26 17:07:41'),(1009,1,0,'ELYOS','2014-06-26 17:07:41'),(1010,1,0,'ELYOS','2014-06-26 17:07:41'),(1011,1,0,'ELYOS','2014-06-26 17:07:41'),(1012,1,0,'ELYOS','2014-06-26 17:07:41'),(1013,1,0,'ELYOS','2014-06-26 17:07:41'),(1014,1,0,'ELYOS','2014-06-26 17:07:41'),(1015,1,0,'ELYOS','2014-06-26 17:07:41'),(1016,1,0,'ELYOS','2014-06-26 17:07:41'),(1017,1,0,'ELYOS','2014-06-26 17:07:41'),(1018,1,0,'ELYOS','2014-06-26 17:07:41'),(1019,1,0,'ELYOS','2014-06-26 17:07:41'),(1020,1,0,'ELYOS','2014-06-26 17:07:41'),(1021,1,0,'ELYOS','2014-06-26 17:07:41'),(1022,1,0,'ELYOS','2014-06-26 17:07:41'),(1023,1,0,'ELYOS','2014-06-26 17:07:41'),(1024,1,0,'ELYOS','2014-06-26 17:07:42'),(1025,1,0,'ELYOS','2014-06-26 17:07:42'),(2001,1,0,'ASMODIANS','2014-06-26 17:07:42'),(2002,1,0,'ASMODIANS','2014-06-26 17:07:42'),(2003,1,0,'ASMODIANS','2014-06-26 17:07:42'),(2004,1,0,'ASMODIANS','2014-06-26 17:07:42'),(2005,1,0,'ASMODIANS','2014-06-26 17:07:42'),(2006,1,0,'ASMODIANS','2014-06-26 17:07:42'),(2007,1,0,'ASMODIANS','2014-06-26 17:07:42'),(2008,1,0,'ASMODIANS','2014-06-26 17:07:42'),(2009,1,0,'ASMODIANS','2014-06-26 17:07:42'),(2010,1,0,'ASMODIANS','2014-06-26 17:07:42'),(2011,1,0,'ASMODIANS','2014-06-26 17:07:42'),(2012,1,0,'ASMODIANS','2014-06-26 17:07:42'),(2013,1,0,'ASMODIANS','2014-06-26 17:07:42'),(2014,1,0,'ASMODIANS','2014-06-26 17:07:42'),(2015,1,0,'ASMODIANS','2014-06-26 17:07:42'),(2016,1,0,'ASMODIANS','2014-06-26 17:07:42'),(2017,1,0,'ASMODIANS','2014-06-26 17:07:42'),(2018,1,0,'ASMODIANS','2014-06-26 17:07:42'),(2019,1,0,'ASMODIANS','2014-06-26 17:07:42'),(2020,1,0,'ASMODIANS','2014-06-26 17:07:42'),(2021,1,0,'ASMODIANS','2014-06-26 17:07:42'),(2022,1,0,'ASMODIANS','2014-06-26 17:07:42'),(2023,1,0,'ASMODIANS','2014-06-26 17:07:42'),(2024,1,0,'ASMODIANS','2014-06-26 17:07:42'),(2025,1,0,'ASMODIANS','2014-06-26 17:07:42');

/*Table structure for table `web_reward` */

DROP TABLE IF EXISTS `web_reward`;

CREATE TABLE `web_reward` (
  `unique` int(11) NOT NULL AUTO_INCREMENT,
  `item_owner` int(11) NOT NULL,
  `item_id` int(11) NOT NULL,
  `item_count` decimal(20,0) NOT NULL DEFAULT '1',
  `rewarded` tinyint(1) NOT NULL DEFAULT '0',
  `added` varchar(70) DEFAULT '',
  `received` varchar(70) DEFAULT '',
  PRIMARY KEY (`unique`),
  KEY `item_owner` (`item_owner`),
  CONSTRAINT `web_reward_ibfk_1` FOREIGN KEY (`item_owner`) REFERENCES `players` (`id`) ON DELETE CASCADE
) ENGINE=InnoDB DEFAULT CHARSET=utf8;

/*Data for the table `web_reward` */

/*Table structure for table `weddings` */

DROP TABLE IF EXISTS `weddings`;

CREATE TABLE `weddings` (
  `id` int(11) unsigned NOT NULL AUTO_INCREMENT,
  `player1` int(11) NOT NULL,
  `player2` int(11) NOT NULL,
  PRIMARY KEY (`id`) USING BTREE,
  KEY `player1` (`player1`),
  KEY `player2` (`player2`),
  CONSTRAINT `weddings_ibfk_1` FOREIGN KEY (`player1`) REFERENCES `players` (`id`) ON DELETE CASCADE ON UPDATE CASCADE,
  CONSTRAINT `weddings_ibfk_2` FOREIGN KEY (`player2`) REFERENCES `players` (`id`) ON DELETE CASCADE ON UPDATE CASCADE
) ENGINE=InnoDB DEFAULT CHARSET=utf8;

/*Data for the table `weddings` */

/*!40101 SET SQL_MODE=@OLD_SQL_MODE */;
/*!40014 SET UNIQUE_CHECKS=@OLD_UNIQUE_CHECKS */;
/*!40111 SET SQL_NOTES=@OLD_SQL_NOTES */;
